product_id,product_name,category,units_sold,net_sales,cogs,gross_profit,gross_margin_pct
1,Mira Phones Product 0001,Electronics,253,10089288.895,5435128.16,4654160.734999999,46.12972017588361
2,Aster Accessories Product 0002,Electronics,84,430793.6175,249228.0,181565.6175,42.14677518986223
3,Vertex Sportswear Product 0003,Sports,112,79694.315,54037.76,25656.555,32.19370792006933
4,Mira Makeup Product 0004,Beauty,80,93059.4195,49043.2,44016.21950000001,47.299048002335766
5,Aster Footwear Product 0005,Fashion,273,801844.05,410911.41000000003,390932.64,48.75419852526186
6,Prime Outdoor Product 0006,Sports,579,5650044.5165,3145625.94,2504418.5765,44.32564326150474
7,UrbanX Kitchen Product 0007,Home,337,5313302.763,2903629.0700000003,2409673.693,45.35171061171467
8,Prime Men Product 0008,Fashion,93,916455.7335000001,424688.22,491767.5135000001,53.65971268703946
9,Pulse Running Product 0009,Sports,246,2617112.9775,1520356.26,1096756.7175,41.9071215850864
10,Vertex Outdoor Product 0010,Sports,1250,6634868.0030000005,3428937.5,3205930.5030000005,48.31943154785321
11,Prime Outdoor Product 0011,Sports,564,8631812.761,3595928.64,5035884.120999999,58.340979588354614
12,Nova Sportswear Product 0012,Sports,94,590163.6785,371143.96,219019.71850000002,37.11169061719883
13,UrbanX Accessories Product 0013,Electronics,465,36714130.698,23998612.8,12715517.897999998,34.63385256917625
14,Pulse Outdoor Product 0014,Sports,1117,19914867.8505,7740932.869999999,12173934.9805,61.129880810102144
15,Nexa Women Product 0015,Fashion,186,1988171.4125,1252590.96,735580.4525000001,36.99783871125348
16,Prime Kitchen Product 0016,Home,106,2098273.572,1248871.8599999999,849401.7120000003,40.480980332339634
17,Aster Women Product 0017,Fashion,392,4476453.29,2544668.0,1931785.29,43.154371661052224
18,Orion Running Product 0018,Sports,338,6450933.099,4279647.84,2171285.2590000005,33.658468095671076
19,Mira Furniture Product 0019,Home,138,3384763.92,2236134.06,1148629.8599999999,33.935302052026124
20,Nova Furniture Product 0020,Home,362,417024.1835,269671.9,147352.28349999996,35.33422984329156
21,Nova Laptops Product 0021,Electronics,172,979948.321,440961.56,538986.7609999999,55.0015495153851
22,Prime Furniture Product 0022,Home,634,10235418.21,7016909.12,3218509.090000001,31.444822516929676
23,Pulse Accessories Product 0023,Electronics,308,21600062.661000002,11309920.159999998,10290142.501000004,47.639410415134456
24,UrbanX Phones Product 0024,Electronics,68,3284817.2875,1561025.0,1723792.2875,52.4775698806657
25,Mira Haircare Product 0025,Beauty,97,466630.956,175073.36000000002,291557.596,62.48140897021843
26,Vertex Phones Product 0026,Electronics,301,8206135.704,4825303.91,3380831.7939999998,41.19882872948404
27,Aster Decor Product 0027,Home,162,1760022.15,981072.0,778950.1499999999,44.257974253335384
28,Orion Sportswear Product 0028,Sports,129,324423.5725,217230.84,107192.73250000001,33.04098147800281
29,Nexa Sportswear Product 0029,Sports,262,805593.992,577547.56,228046.4319999999,28.307861561112528
30,UrbanX Laptops Product 0030,Electronics,183,3240438.605,1921353.6,1319085.005,40.70698957124663
31,Mira Outdoor Product 0031,Sports,87,903557.2890000001,455364.96,448192.3290000001,49.60308930671467
32,Pulse Bags Product 0032,Fashion,115,929799.4495,429226.0,500573.4495,53.83671175210778
33,Pulse Women Product 0033,Fashion,255,1356384.1800000002,558251.1,798133.0800000002,58.8427004508413
34,Nexa Men Product 0034,Fashion,449,930821.738,456305.23,474516.50800000003,50.97823660839344
35,Mira Running Product 0035,Sports,123,1656311.204,737693.73,918617.4739999999,55.46164704927033
36,Mira Bags Product 0036,Fashion,87,972442.5920000001,434925.18000000005,537517.412,55.274976273355165
37,Orion Storage Product 0037,Home,790,17895805.704,7096672.699999999,10799133.004,60.344491791091706
38,Pulse Kitchen Product 0038,Home,117,2351189.9499999997,1006869.2399999999,1344320.71,57.17618476550566
39,Vertex Audio Product 0039,Electronics,172,6725461.005,4277039.72,2448421.285,36.40525583569271
40,Orion Furniture Product 0040,Home,799,1118709.69,717781.65,400928.0399999999,35.838434545069504
41,Orion Storage Product 0041,Home,1048,16572538.994,6965196.640000001,9607342.354,57.97145722498096
42,Vertex Footwear Product 0042,Fashion,283,3812720.625,1740475.47,2072245.155,54.35082605875431
43,Nexa Footwear Product 0043,Fashion,265,2958213.3285000003,1179533.5499999998,1778679.7785000005,60.12682592441373
44,Aster Storage Product 0044,Home,161,4007740.5140000004,1875046.25,2132694.2640000004,53.21437993677452
45,Prime Accessories Product 0045,Electronics,546,17107438.746999998,6325055.100000001,10782383.646999996,63.02745727434401
46,Pulse Running Product 0046,Sports,892,9571677.816,6244258.68,3327419.136,34.763175275685654
47,UrbanX Footwear Product 0047,Fashion,79,1079137.6995,474062.41,605075.2895000002,56.07025774193149
48,Prime Haircare Product 0048,Beauty,98,470673.26249999995,251274.94000000003,219398.32249999992,46.61372123299652
49,Zenith Outdoor Product 0049,Sports,284,5917233.3780000005,2899992.16,3017241.2180000003,50.990742214393016
50,Mira Kitchen Product 0050,Home,434,11741320.555,4616583.86,7124736.694999999,60.68088049913563
51,Vertex Storage Product 0051,Home,1083,6525131.207,4299856.5600000005,2225274.647,34.10314024969766
52,UrbanX Accessories Product 0052,Electronics,570,48986945.047,28423511.7,20563433.347,41.97737443572085
53,UrbanX Phones Product 0053,Electronics,78,2352792.816,1069499.34,1283293.476,54.54341186665711
54,Orion Accessories Product 0054,Electronics,107,7949830.458,4852553.79,3097276.6679999996,38.96028581192164
55,Nexa Sportswear Product 0055,Sports,166,3095160.5215,1559060.3800000001,1536100.1414999997,49.62909454387727
56,Vertex Bags Product 0056,Fashion,96,168341.46649999998,83372.16,84969.30649999998,50.474377030569585
57,Orion Fitness Product 0057,Sports,124,673639.824,452008.52,221631.304,32.90056438231003
58,Nexa Makeup Product 0058,Beauty,150,344884.38999999996,165291.0,179593.38999999996,52.07350497945123
59,Zenith Accessories Product 0059,Electronics,653,1254788.3879999998,724758.17,530030.2179999998,42.240605911631995
60,Zenith Haircare Product 0060,Beauty,383,1864213.8900000001,917602.89,946611.0000000001,50.77802526189739
61,Zenith Haircare Product 0061,Beauty,371,200394.972,109430.15999999999,90964.81200000002,45.39276165072645
62,Orion Accessories Product 0062,Electronics,75,4986650.556,2520993.0,2465657.556,49.44516421013881
63,Mira Bags Product 0063,Fashion,543,918812.5625,637845.81,280966.75249999994,30.57933293113849
64,Nova Women Product 0064,Fashion,402,409037.5275,256158.42,152879.1075,37.37532554393802
65,Zenith Furniture Product 0065,Home,405,7774214.1775,5227626.6,2546587.5775000006,32.75684872266951
66,Orion Fitness Product 0066,Sports,236,3086737.822,1575774.36,1510963.462,48.95017164175598
67,Vertex Personal Care Product 0067,Beauty,177,1117742.574,458307.87,659434.704,58.99701052274672
68,Prime Fitness Product 0068,Sports,260,3762608.824,1547111.8,2215497.024,58.88193877259669
69,Zenith Accessories Product 0069,Electronics,172,2685616.3800000004,1666655.9200000002,1018960.4600000002,37.94140025315157
70,Prime Outdoor Product 0070,Sports,478,7982652.831499999,4926616.9399999995,3056035.8915,38.28346235277462
71,Nova Women Product 0071,Fashion,234,2104177.02,1131186.42,972990.6000000001,46.24090990215263
72,Zenith Men Product 0072,Fashion,136,1201214.069,786388.7200000001,414825.3489999998,34.533840362470805
73,Nexa Outdoor Product 0073,Sports,167,1528234.0010000002,935186.64,593047.3610000001,38.80605722761956
74,Zenith Decor Product 0074,Home,444,13617216.423,6072761.16,7544455.263,55.40379934225857
75,Zenith Footwear Product 0075,Fashion,56,367393.845,187658.24,179735.60499999998,48.921779024360085
76,Vertex Footwear Product 0076,Fashion,289,1256019.156,691296.67,564722.4859999999,44.96129563807385
77,Vertex Furniture Product 0077,Home,89,1046640.645,535210.4,511430.245,48.86397709120115
78,Vertex Storage Product 0078,Home,297,2324279.767,1008463.5,1315816.267,56.61178510788112
79,Orion Outdoor Product 0079,Sports,192,189318.49850000002,107639.04000000001,81679.45850000001,43.143939523691074
80,Orion Makeup Product 0080,Beauty,224,259106.99099999998,151229.12,107877.87099999998,41.63448874291469
81,Orion Laptops Product 0081,Electronics,572,45732983.76,26336247.08,19396736.68,42.413013727228545
82,Nexa Running Product 0082,Sports,88,1446357.408,693530.64,752826.768,52.0498435473841
83,Vertex Fitness Product 0083,Sports,391,1252581.827,614217.99,638363.837,50.963843099090404
84,Aster Laptops Product 0084,Electronics,323,18062244.028,9432827.4,8629416.628,47.775994027224534
85,Nova Bags Product 0085,Fashion,342,4055751.8959999997,2101603.68,1954148.2159999995,48.18214393063061
86,Orion Storage Product 0086,Home,1062,3114587.0085,1637996.94,1476590.0685,47.408855956511964
87,Nova Bags Product 0087,Fashion,63,376891.986,248468.84999999998,128423.136,34.07425489805984
88,Nova Personal Care Product 0088,Beauty,384,2321137.347,1518792.96,802344.3870000001,34.56686387115377
89,Mira Kitchen Product 0089,Home,1263,2796423.7565,1482042.09,1314381.6665,47.002235031255715
90,Zenith Decor Product 0090,Home,228,3599777.437,1980633.72,1619143.717,44.97899510002401
91,UrbanX Storage Product 0091,Home,206,2130805.7575,1201317.84,929487.9174999997,43.62142885283619
92,UrbanX Men Product 0092,Fashion,978,413842.77900000004,234641.75999999998,179201.01900000006,43.30171458664017
93,Zenith Bags Product 0093,Fashion,661,3414427.0875000004,2298720.04,1115707.0475000003,32.6762592642418
94,Aster Skincare Product 0094,Beauty,679,3995689.2079999996,2236707.48,1758981.7279999997,44.02198560584344
95,Vertex Skincare Product 0095,Beauty,278,1802389.5835,925987.4199999999,876402.1635,48.624457859889766
96,UrbanX Outdoor Product 0096,Sports,599,3810950.2475,1773297.5699999998,2037652.6775000002,53.46836209254396
97,Nova Running Product 0097,Sports,160,2649735.936,1453633.5999999999,1196102.3360000004,45.14043530713546
98,Orion Bags Product 0098,Fashion,115,1072229.1300000001,590044.2999999999,482184.8300000002,44.97031618605626
99,Vertex Makeup Product 0099,Beauty,82,206992.4085,82136.94,124855.46849999999,60.3188635780331
100,Orion Personal Care Product 0100,Beauty,236,1230379.3465,732168.76,498210.5865,40.4924373866674
101,Nexa Skincare Product 0101,Beauty,403,1713771.5359999998,686949.77,1026821.7659999998,59.915907367480045
102,Prime Footwear Product 0102,Fashion,259,465193.423,250520.34,214673.083,46.147058919188545
103,Prime Skincare Product 0103,Beauty,147,996752.192,644959.5599999999,351792.6320000001,35.29389098148079
104,Nova Skincare Product 0104,Beauty,720,2312680.799,902620.8,1410059.999,60.97080062279706
105,Pulse Footwear Product 0105,Fashion,138,706849.7175,376330.14,330519.5775,46.75952600914776
106,Nova Furniture Product 0106,Home,156,5157119.3,2714506.08,2442613.2199999997,47.36390759856961
107,Mira Decor Product 0107,Home,184,1875639.7680000002,1175160.16,700479.6080000002,37.34616955509125
108,Zenith Kitchen Product 0108,Home,233,5028382.8545,3024242.14,2004140.7145000002,39.85656566914857
109,UrbanX Women Product 0109,Fashion,249,1323441.97,664279.71,659162.26,49.806661337784234
110,UrbanX Men Product 0110,Fashion,163,1867992.8535000002,1140127.95,727864.9035000002,38.96507966485109
111,Prime Women Product 0111,Fashion,255,3206286.4399999995,1804267.8,1402018.6399999994,43.72717990848003
112,Aster Kitchen Product 0112,Home,211,5509514.2020000005,3722204.5799999996,1787309.622000001,32.44042135967618
113,UrbanX Footwear Product 0113,Fashion,173,536596.44,270354.02,266242.4199999999,49.616881543232
114,Zenith Storage Product 0114,Home,678,16575100.893000001,9994153.92,6580946.973000001,39.70381245630467
115,Nexa Decor Product 0115,Home,191,713664.732,403649.85,310014.882,43.43984900741879
116,Pulse Bags Product 0116,Fashion,153,792756.228,411524.1,381232.128,48.08945228494629
117,Nova Women Product 0117,Fashion,175,1390713.4530000002,903357.0,487356.4530000002,35.04362828652382
118,Mira Phones Product 0118,Electronics,317,22272947.55,11740941.389999999,10532006.160000002,47.28609060995163
119,Prime Sportswear Product 0119,Sports,1800,7597407.45,4718160.0,2879247.45,37.89776274273667
120,Pulse Men Product 0120,Fashion,119,1042209.72,438789.89,603419.83,57.89811958383961
121,Aster Outdoor Product 0121,Sports,456,7220120.53,3353209.6799999997,3866910.8500000006,53.55742793950284
122,Aster Fitness Product 0122,Sports,621,5251666.117500001,2111083.29,3140582.8275000006,59.80164689134963
123,Vertex Furniture Product 0123,Home,726,23262536.632,10015576.56,13246960.071999999,56.94546678876563
124,Orion Storage Product 0124,Home,202,5328664.782,2495538.3,2833126.482,53.167662029898736
125,Aster Outdoor Product 0125,Sports,232,3826045.539,2015676.32,1810369.2189999998,47.31698043178989
126,Pulse Personal Care Product 0126,Beauty,211,943817.4015,430665.76999999996,513151.6315000001,54.3697997816583
127,Zenith Outdoor Product 0127,Sports,600,9530843.808,5693124.000000001,3837719.8079999993,40.266317288493326
128,Nova Skincare Product 0128,Beauty,368,328682.984,154416.48,174266.504,53.01963061160476
129,UrbanX Outdoor Product 0129,Sports,764,12970054.361000001,8234949.72,4735104.641000002,36.50797837238148
130,UrbanX Laptops Product 0130,Electronics,219,14084774.5775,9172545.629999999,4912228.947500002,34.8761630544456
131,UrbanX Audio Product 0131,Electronics,195,8813396.4,5342699.7,3470696.7,39.37978666204098
132,Nova Phones Product 0132,Electronics,89,5721591.564,3151882.49,2569709.074,44.91248711579651
133,Nova Outdoor Product 0133,Sports,1705,28302698.97,17391545.599999998,10911153.370000001,38.55163559335981
134,Pulse Footwear Product 0134,Fashion,113,1006578.32,637036.37,369541.94999999995,36.712687195567646
135,Nexa Audio Product 0135,Electronics,96,5675598.25,3254355.84,2421242.41,42.660567280286266
136,Prime Fitness Product 0136,Sports,63,713118.238,486228.96,226889.278,31.816501936106704
137,Prime Furniture Product 0137,Home,391,1205573.283,519064.23,686509.0530000001,56.944614042180966
138,Zenith Personal Care Product 0138,Beauty,173,545023.668,331106.43,213917.23799999995,39.24916486379083
139,Orion Phones Product 0139,Electronics,1259,30928745.68,14344932.69,16583812.99,53.61941658281953
140,UrbanX Personal Care Product 0140,Beauty,159,194925.762,108811.65000000001,86114.11199999998,44.17790194402317
141,Nexa Sportswear Product 0141,Sports,284,676436.0160000001,294803.36,381632.6560000001,56.418145541203714
142,Mira Furniture Product 0142,Home,96,1099222.102,728097.6000000001,371124.50199999986,33.76246723248655
143,Nexa Haircare Product 0143,Beauty,518,4276705.521,1674435.0,2602270.5209999997,60.847549783870186
144,Aster Accessories Product 0144,Electronics,59,4198617.720000001,2240851.86,1957765.8600000008,46.628819067624015
145,Nova Makeup Product 0145,Beauty,159,319673.685,184320.75,135352.935,42.340968728783544
146,Nova Accessories Product 0146,Electronics,56,2222448.624,867007.12,1355441.5039999997,60.98865410712864
147,Pulse Women Product 0147,Fashion,286,2528718.36,1526742.36,1001975.9999999998,39.6238670090567
148,Orion Footwear Product 0148,Fashion,117,324214.667,164413.08000000002,159801.587,49.28882103905558
149,Zenith Laptops Product 0149,Electronics,198,14526401.2385,7982278.92,6544122.318500001,45.0498524104911
150,Pulse Outdoor Product 0150,Sports,213,3807122.2595,2041570.92,1765551.3395000002,46.37495775436103
151,Pulse Fitness Product 0151,Sports,229,3772777.8565,1617039.99,2155737.8665000005,57.13927372601457
152,Nova Men Product 0152,Fashion,92,996529.1849999999,499930.75999999995,496598.425,49.83280293993597
153,Prime Accessories Product 0153,Electronics,243,6110533.045,3065498.46,3045034.585,49.83255245614992
154,Nova Audio Product 0154,Electronics,101,8359426.4399999995,4477144.16,3882282.2799999993,46.44196952823476
155,Pulse Running Product 0155,Sports,157,1769522.8539999998,1189128.99,580393.8639999998,32.79945566614309
156,Pulse Men Product 0156,Fashion,212,2981434.553,1282968.88,1698465.673,56.96806831768143
157,Pulse Running Product 0157,Sports,243,3338592.917,1578576.5999999999,1760016.317,52.71730818208047
158,Prime Haircare Product 0158,Beauty,215,817542.59,497583.10000000003,319959.48999999993,39.136736594970536
159,UrbanX Fitness Product 0159,Sports,201,2163740.847,1076017.3199999998,1087723.5270000002,50.27050852730887
160,Vertex Haircare Product 0160,Beauty,425,1258217.916,684237.25,573980.666,45.618541804327634
161,Pulse Fitness Product 0161,Sports,227,1509412.5435000001,628708.28,880704.2635000001,58.34748540368149
162,Zenith Running Product 0162,Sports,126,1187426.325,773221.68,414204.6449999999,34.8825553450653
163,Nexa Haircare Product 0163,Beauty,231,469340.85000000003,277608.87,191731.98000000004,40.851330115416125
164,Mira Personal Care Product 0164,Beauty,531,2297455.835,1357846.6500000001,939609.1849999998,40.89781273205628
165,Aster Storage Product 0165,Home,632,11393990.474,6812068.88,4581921.594,40.21349328363498
166,Nova Audio Product 0166,Electronics,235,5093043.758,3584558.4,1508485.3580000005,29.618543049635434
167,Pulse Decor Product 0167,Home,1597,23944014.315,12654707.85,11289306.465000002,47.148762594615086
168,Vertex Audio Product 0168,Electronics,117,533823.2585,361441.07999999996,172382.17850000004,32.29199472956274
169,Orion Bags Product 0169,Fashion,307,3296979.286,1466293.4,1830685.886,55.52615673909939
170,Nova Decor Product 0170,Home,96,897166.792,414855.36,482311.43200000003,53.75939416179372
171,Nova Sportswear Product 0171,Sports,129,150943.9815,85641.81,65302.1715,43.26252087102923
172,UrbanX Storage Product 0172,Home,1158,27479710.596,12102119.04,15377591.556000002,55.959801695431224
173,Nova Outdoor Product 0173,Sports,355,6524871.002,3748139.6999999997,2776731.3020000006,42.556110322317146
174,UrbanX Skincare Product 0174,Beauty,617,2277004.23,1084173.8900000001,1192830.3399999999,52.38595186975124
175,Orion Audio Product 0175,Electronics,273,2062005.8059999999,1261765.05,800240.7559999998,38.80885076421554
176,Orion Haircare Product 0176,Beauty,307,200463.081,86506.45999999999,113956.62100000001,56.8466873957704
177,Mira Audio Product 0177,Electronics,1239,96493103.13,39040059.870000005,57453043.25999999,59.54108780458286
178,Aster Footwear Product 0178,Fashion,688,1798370.23,975081.76,823288.47,45.77969854405341
179,Pulse Personal Care Product 0179,Beauty,39,180178.5955,122676.06,57502.5355,31.91418788698461
180,Nova Accessories Product 0180,Electronics,1240,69760957.665,38779561.6,30981396.065000005,44.41079523847159
181,Zenith Footwear Product 0181,Fashion,317,2270007.296,1299661.96,970345.3360000001,42.74635318176528
182,Mira Bags Product 0182,Fashion,397,628641.8375,297150.53,331491.3075,52.731346806042
183,Orion Kitchen Product 0183,Home,737,19761005.862,7872479.23,11888526.632,60.1615460013672
184,UrbanX Footwear Product 0184,Fashion,64,722970.067,484890.88,238079.18700000003,32.93071150067407
185,Nexa Laptops Product 0185,Electronics,345,16574650.992,8854321.5,7720329.492000001,46.57913759828989
186,Nexa Decor Product 0186,Home,666,12819756.8985,8324693.640000001,4495063.258499999,35.063560831063434
187,Zenith Outdoor Product 0187,Sports,192,3384141.319,1475233.92,1908907.3990000002,56.407437487394134
188,Pulse Audio Product 0188,Electronics,180,1958259.2825,1182250.8,776008.4824999999,39.62746350469553
189,Nexa Storage Product 0189,Home,347,1727208.8985000001,809235.2300000001,917973.6685,53.147807963311045
190,Zenith Footwear Product 0190,Fashion,500,6404296.3415,2829550.0,3574746.3415,55.81794081475516
191,UrbanX Personal Care Product 0191,Beauty,298,972887.675,496310.06,476577.61500000005,48.98588267139884
192,Nexa Women Product 0192,Fashion,143,592329.796,280315.75,312014.046,52.67573032912226
193,Nexa Phones Product 0193,Electronics,818,17430859.056,12461142.06,4969716.996000001,28.511027368380557
194,Nova Outdoor Product 0194,Sports,786,7789520.654999999,3637859.5199999996,4151661.135,53.29803101985613
195,Nexa Fitness Product 0195,Sports,374,2337769.119,1041047.7000000001,1296721.4189999998,55.46832698152344
196,Prime Outdoor Product 0196,Sports,178,416173.316,260066.9,156106.416,37.50995318498507
197,Prime Women Product 0197,Fashion,1692,20415026.116,13180341.6,7234684.516000001,35.438037036503786
198,Vertex Bags Product 0198,Fashion,968,8157528.819999999,3770195.44,4387333.379999999,53.7826280091524
199,Pulse Haircare Product 0199,Beauty,190,1399106.445,781160.3,617946.145,44.16720023042993
200,Pulse Haircare Product 0200,Beauty,51,151168.367,86169.09,64999.277,42.99793554031049
201,Nova Furniture Product 0201,Home,253,3038367.178,1328131.0899999999,1710236.088,56.28799904051623
202,Prime Storage Product 0202,Home,183,1474312.7399999998,725613.2999999999,748699.4399999998,50.782945821929204
203,Nova Skincare Product 0203,Beauty,123,264585.649,170817.47999999998,93768.169,35.439627717677155
204,Prime Bags Product 0204,Fashion,440,4900418.7165,2343136.4000000004,2557282.3164999997,52.184975701963566
205,Pulse Bags Product 0205,Fashion,428,554112.042,296064.72000000003,258047.322,46.56952068188404
206,Nexa Personal Care Product 0206,Beauty,469,2710817.608,1334356.59,1376461.018,50.776600164388476
207,Nexa Footwear Product 0207,Fashion,320,860107.812,504339.2,355768.612,41.36325784237849
208,Pulse Laptops Product 0208,Electronics,61,4581934.859999999,1887322.9200000002,2694611.9399999995,58.80947726960919
209,UrbanX Women Product 0209,Fashion,724,4252431.487500001,2311616.16,1940815.3275000006,45.64013160952779
210,Zenith Makeup Product 0210,Beauty,214,1370065.891,918479.4400000001,451586.451,32.96092939518337
211,Mira Accessories Product 0211,Electronics,509,39198994.254,24377277.41,14821716.844,37.8114722739029
212,Orion Sportswear Product 0212,Sports,95,424985.049,197616.15,227368.899,53.500446553356284
213,UrbanX Haircare Product 0213,Beauty,777,5950003.653,3649382.52,2300621.133,38.66587765605864
214,Nexa Laptops Product 0214,Electronics,276,8139649.658000001,4691839.92,3447809.738000001,42.35820806625681
215,Nexa Decor Product 0215,Home,157,2917583.0949999997,1828676.34,1088906.7549999997,37.322219095185694
216,Nexa Storage Product 0216,Home,130,1176986.16,676578.5,500407.6599999999,42.51601904987565
217,Zenith Makeup Product 0217,Beauty,191,559863.9689999999,309738.97000000003,250124.9989999999,44.67603075917892
218,Orion Makeup Product 0218,Beauty,67,454877.3775,226382.94999999998,228494.42750000002,50.23209304358075
219,Vertex Bags Product 0219,Fashion,73,749959.065,330738.18,419220.88499999995,55.89916897664274
220,Vertex Running Product 0220,Sports,154,1343706.496,583053.24,760653.256,56.60858664182569
221,Orion Skincare Product 0221,Beauty,471,1703355.1925000001,1001138.76,702216.4325000001,41.22548459604382
222,Mira Footwear Product 0222,Fashion,310,662419.3905,352987.7,309431.69049999997,46.71235397660057
223,UrbanX Laptops Product 0223,Electronics,335,9455496.9005,4040267.5,5415229.4004999995,57.27070145000678
224,Aster Men Product 0224,Fashion,592,7495163.1225,3256538.7199999997,4238624.4025,56.55146303321833
225,Orion Sportswear Product 0225,Sports,229,1115559.963,527093.88,588466.083,52.75073528252824
226,Aster Women Product 0226,Fashion,596,3731200.176,1567694.56,2163505.616,57.984174366098124
227,Nexa Personal Care Product 0227,Beauty,702,4027002.3,2033799.3,1993202.9999999998,49.4959488848566
228,Aster Women Product 0228,Fashion,754,3365145.0689999997,2363624.12,1001520.9489999996,29.761598043011432
229,Mira Fitness Product 0229,Sports,280,1235823.732,721952.0,513871.7320000001,41.58131282754813
230,Nova Outdoor Product 0230,Sports,84,645108.435,335139.0,309969.43500000006,48.049198891656104
231,Prime Decor Product 0231,Home,117,1986266.3605000002,1119245.4000000001,867020.9605,43.65079013278693
232,Prime Furniture Product 0232,Home,277,5519796.45,2323675.44,3196121.0100000002,57.90287810341267
233,Prime Laptops Product 0233,Electronics,249,20332581.648,10319391.659999998,10013189.988,49.24701723248676
234,Nova Sportswear Product 0234,Sports,153,793211.2195,445684.41,347526.80950000003,43.81264421840418
235,Mira Accessories Product 0235,Electronics,390,1594018.6430000002,959860.2,634158.4430000002,39.78362773765878
236,Pulse Accessories Product 0236,Electronics,177,1732047.4649999999,744785.91,987261.5549999998,56.99968245385238
237,Pulse Decor Product 0237,Home,501,8691054.441499999,4985596.29,3705458.1514999988,42.635311704024595
238,Pulse Running Product 0238,Sports,116,2571606.8225,1009686.04,1561920.7824999997,60.73715347284586
239,Mira Phones Product 0239,Electronics,230,14639924.991999999,7972894.800000001,6667030.191999998,45.54005704020481
240,Orion Makeup Product 0240,Beauty,559,348368.085,181948.91,166419.17500000002,47.77107380545494
241,Vertex Laptops Product 0241,Electronics,577,6405546.702,3492915.6599999997,2912631.042,45.47045205510079
242,Aster Laptops Product 0242,Electronics,242,15377054.215499999,8760351.600000001,6616702.6154999975,43.02971507267232
243,Vertex Storage Product 0243,Home,455,6025874.24,2595870.55,3430003.6900000004,56.9212624324533
244,UrbanX Running Product 0244,Sports,430,2897485.1799999997,1710789.4,1186695.7799999998,40.95606038613112
245,Pulse Skincare Product 0245,Beauty,38,113987.32800000001,62238.68,51748.64800000001,45.398597289691715
246,Vertex Decor Product 0246,Home,349,4058135.3279999997,2617733.83,1440401.4979999997,35.49417112981994
247,UrbanX Haircare Product 0247,Beauty,131,457245.0645,281296.30000000005,175948.76449999993,38.4801888878562
248,Aster Laptops Product 0248,Electronics,541,19773509.548,13863579.44,5909930.108000001,29.888119221596465
249,Zenith Running Product 0249,Sports,1321,1338273.93,679746.9700000001,658526.9599999998,49.2071873506495
250,Vertex Accessories Product 0250,Electronics,563,52848301.05100001,27734629.86,25113671.191000007,47.520299974761066
251,Nexa Personal Care Product 0251,Beauty,2022,7055153.91,4619542.08,2435611.83,34.522447859681066
252,Vertex Makeup Product 0252,Beauty,254,152909.152,106568.24,46340.912,30.30617290978109
253,Mira Sportswear Product 0253,Sports,221,2977908.049,1776541.65,1201366.3990000002,40.34262909505975
254,Mira Outdoor Product 0254,Sports,432,8333741.787,4212095.04,4121646.7469999995,49.457336840330875
255,Orion Women Product 0255,Fashion,898,3666771.693,1862029.9400000002,1804741.7529999998,49.21881982576983
256,Aster Phones Product 0256,Electronics,1214,64176106.008,44093645.44,20082460.568000004,31.292737776107177
257,Pulse Sportswear Product 0257,Sports,1189,18789194.411,12579952.920000002,6209241.490999997,33.04687447038624
258,Aster Sportswear Product 0258,Sports,544,6360187.608,2449729.92,3910457.688,61.483370130172425
259,Nova Haircare Product 0259,Beauty,927,2109166.2445,1311074.64,798091.6045000001,37.83919862083684
260,UrbanX Footwear Product 0260,Fashion,324,2361967.153,1706942.1600000001,655024.9929999998,27.732180448319717
261,Nova Phones Product 0261,Electronics,1256,65494245.319000006,31615680.32,33878564.999000005,51.72754466287707
262,Zenith Kitchen Product 0262,Home,86,2267037.7964999997,1336546.64,930491.1564999998,41.04436008683016
263,Prime Furniture Product 0263,Home,690,7213036.122,4660135.8,2552900.3220000006,35.39286756395922
264,Pulse Laptops Product 0264,Electronics,520,1547314.16,1080638.0,466676.1599999999,30.160401298208242
265,Prime Running Product 0265,Sports,121,1602917.6524999999,1070726.5799999998,532191.0725,33.201398192225604
266,Aster Audio Product 0266,Electronics,233,3632981.628,2001698.3399999999,1631283.2880000002,44.90205167643639
267,Pulse Sportswear Product 0267,Sports,419,6749647.950999999,3819088.6300000004,2930559.320999999,43.41795812573928
268,Orion Personal Care Product 0268,Beauty,43,47227.954999999994,28221.760000000002,19006.194999999992,40.2435273769529
269,Orion Audio Product 0269,Electronics,88,4432418.869,2427127.12,2005291.7489999998,45.24147668048382
270,Zenith Audio Product 0270,Electronics,109,5584112.394,2490124.62,3093987.774,55.40697528445915
271,Nova Sportswear Product 0271,Sports,91,373142.152,203166.59999999998,169975.55200000003,45.55249282048414
272,Mira Skincare Product 0272,Beauty,815,5072574.172499999,3134302.55,1938271.6224999996,38.21080888295281
273,Orion Haircare Product 0273,Beauty,177,827506.4875,356028.42,471478.06750000006,56.975754827541465
274,Zenith Makeup Product 0274,Beauty,1281,2953941.4125,1826552.28,1127389.1325,38.165588786876455
275,Mira Laptops Product 0275,Electronics,488,871867.7805,569051.9199999999,302815.86050000007,34.73185582409535
276,Prime Bags Product 0276,Fashion,160,910588.86,536992.0,373596.86,41.02805079341735
277,Mira Makeup Product 0277,Beauty,345,2400441.0285,1257656.1,1142784.9285,47.607290282574
278,Nova Makeup Product 0278,Beauty,110,570506.135,339751.5,230754.635,40.447353822058375
279,Zenith Haircare Product 0279,Beauty,140,114298.621,74471.6,39827.02099999999,34.84470823143176
280,Mira Women Product 0280,Fashion,382,3457706.3875,1322518.3800000001,2135188.0075000003,61.751570787471906
281,Nexa Personal Care Product 0281,Beauty,783,3033245.0685,1978022.43,1055222.6385000001,34.78857179917311
282,Nova Fitness Product 0282,Sports,82,464686.56649999996,314255.98,150430.58649999998,32.37248445399163
283,UrbanX Makeup Product 0283,Beauty,135,354735.072,192913.65,161821.422,45.6175424345975
284,Zenith Running Product 0284,Sports,231,4822623.0,1933188.1800000002,2889434.82,59.91417575041632
285,Mira Skincare Product 0285,Beauty,1521,10030795.792,5255176.68,4775619.112,47.60957366721358
286,Pulse Decor Product 0286,Home,493,1888983.2805,994824.7000000001,894158.5805,47.335441754853576
287,Pulse Phones Product 0287,Electronics,325,5479391.568,2974731.5,2504660.068,45.71055083245695
288,Zenith Bags Product 0288,Fashion,225,1829639.625,800916.75,1028722.875,56.22543701741265
289,Prime Skincare Product 0289,Beauty,260,986814.35,442163.80000000005,544650.5499999999,55.19280804945732
290,Prime Men Product 0290,Fashion,271,2703864.9885,1365170.63,1338694.3585,49.5103995278498
291,Nexa Bags Product 0291,Fashion,1630,17550954.86,10389147.3,7161807.559999999,40.80580012385719
292,Mira Haircare Product 0292,Beauty,83,487648.80749999994,259829.00999999998,227819.79749999996,46.718005662302375
293,Pulse Laptops Product 0293,Electronics,105,2139388.2674999996,1263208.8,876179.4674999996,40.954672922641876
294,Nexa Haircare Product 0294,Beauty,187,285963.488,142415.46000000002,143548.028,50.19802667954588
295,Aster Audio Product 0295,Electronics,966,68618845.6605,45924190.62,22694655.040500008,33.073501633624886
296,Zenith Personal Care Product 0296,Beauty,351,1442961.109,708784.83,734176.279,50.8798383006177
297,Aster Storage Product 0297,Home,707,6257600.981000001,3805618.39,2451982.5910000005,39.18406747961356
298,Prime Skincare Product 0298,Beauty,264,2161444.7800000003,1131139.68,1030305.1000000003,47.66742641465956
299,UrbanX Haircare Product 0299,Beauty,422,3327193.7355,1457714.6,1869479.1354999999,56.187865333879046
300,Pulse Makeup Product 0300,Beauty,545,4221068.726500001,1845969.5,2375099.226500001,56.26772223795017
301,Orion Bags Product 0301,Fashion,262,1106172.7795,685871.46,420301.3195,37.995991882025876
302,Prime Outdoor Product 0302,Sports,298,3079277.5310000004,1613899.4600000002,1465378.0710000002,47.588372800035216
303,Orion Fitness Product 0303,Sports,451,2097846.3205,1387100.11,710746.2104999998,33.87980347057076
304,Vertex Storage Product 0304,Home,2089,36927915.996,22053426.77,14874489.226,40.27979598851771
305,UrbanX Phones Product 0305,Electronics,200,14836812.939,8019960.000000001,6816852.938999998,45.94553403771265
306,Nova Fitness Product 0306,Sports,177,2595142.7325,1527187.86,1067954.8724999998,41.15206686420667
307,UrbanX Haircare Product 0307,Beauty,504,1630027.784,804152.16,825875.624,50.66635256813512
308,Pulse Sportswear Product 0308,Sports,114,2166767.2479999997,806840.7000000001,1359926.5479999995,62.76292708666601
309,Zenith Decor Product 0309,Home,788,11967764.287500001,8175665.4799999995,3792098.807500002,31.685941637910968
310,Pulse Men Product 0310,Fashion,293,2164637.082,885522.18,1279114.9019999998,59.091425192539496
311,Nova Decor Product 0311,Home,216,119819.31749999999,56602.8,63216.51749999999,52.75987112845973
312,Aster Skincare Product 0312,Beauty,320,1219864.7999999998,704188.8,515675.99999999977,42.273209293357745
313,Nova Phones Product 0313,Electronics,2181,107272439.001,62284169.22,44988269.781,41.9383302924441
314,Nova Furniture Product 0314,Home,169,3724476.789,1864668.2600000002,1859808.5289999996,49.93475954777926
315,Prime Decor Product 0315,Home,79,2281831.392,1114704.22,1167127.172,51.14870345337067
316,UrbanX Makeup Product 0316,Beauty,821,1937468.8509999998,1203815.88,733652.9709999999,37.86656857070679
317,Aster Outdoor Product 0317,Sports,265,4878655.11,2308518.3499999996,2570136.7600000007,52.68125542901926
318,Zenith Laptops Product 0318,Electronics,165,10493963.386500001,5158360.35,5335603.036500001,50.84449830808452
319,Orion Footwear Product 0319,Fashion,79,771005.6089999999,471018.54000000004,299987.0689999999,38.90854560566497
320,Aster Skincare Product 0320,Beauty,1073,2519620.753,1188122.17,1331498.583,52.84519828687092
321,Nexa Makeup Product 0321,Beauty,1295,5092743.3,2948015.7,2144727.5999999996,42.11340477341553
322,Nova Storage Product 0322,Home,180,597257.701,339681.6,257576.10100000002,43.12645957829182
323,UrbanX Audio Product 0323,Electronics,341,12489642.768,5302989.890000001,7186652.877999999,57.54090018021241
324,Orion Audio Product 0324,Electronics,1026,20663371.400000002,8427061.26,12236310.140000002,59.21739440834907
325,Orion Outdoor Product 0325,Sports,190,807502.302,565531.2,241971.10200000007,29.965376123472655
326,Nexa Makeup Product 0326,Beauty,372,2213477.259,1200730.44,1012746.8190000001,45.75365818113427
327,Prime Accessories Product 0327,Electronics,634,16603612.360000001,10325051.379999999,6278560.980000002,37.81442763097609
328,Nexa Laptops Product 0328,Electronics,207,248122.5,139099.86000000002,109022.63999999998,43.939038176707065
329,Aster Furniture Product 0329,Home,675,19571216.6,9892820.25,9678396.350000001,49.45219578224892
330,Nova Footwear Product 0330,Fashion,91,256162.502,108013.36,148149.142,57.83404707688246
331,Nova Accessories Product 0331,Electronics,202,13843888.608,6838958.460000001,7004930.147999998,50.59944027541542
332,Vertex Audio Product 0332,Electronics,334,14641840.827,7678372.76,6963468.067,47.55869258023316
333,Nexa Haircare Product 0333,Beauty,289,1103181.3480000002,542256.48,560924.8680000002,50.84611600956837
334,Aster Audio Product 0334,Electronics,286,14574208.021,8728628.48,5845579.540999999,40.10907167358318
335,Orion Skincare Product 0335,Beauty,212,556069.455,261105.56000000003,294963.8949999999,53.044433990714325
336,Prime Skincare Product 0336,Beauty,294,1780299.843,759784.2000000001,1020515.643,57.322683423951744
337,Vertex Haircare Product 0337,Beauty,102,806011.1145,458600.16,347410.95450000005,43.10250172114717
338,Mira Bags Product 0338,Fashion,417,1559518.375,770586.81,788931.565,50.58815449994297
339,UrbanX Makeup Product 0339,Beauty,599,4287588.539,2300980.63,1986607.909,46.33392152557949
340,Orion Phones Product 0340,Electronics,1075,52580338.398,22496557.25,30083781.148000002,57.21488690370296
341,Vertex Kitchen Product 0341,Home,1008,16902266.2605,7177191.84,9725074.4205,57.5371034310775
342,Zenith Accessories Product 0342,Electronics,590,51497496.982,25583892.7,25913604.282,50.32012389079342
343,Aster Kitchen Product 0343,Home,140,4116943.683,2704240.0,1412703.6830000002,34.314379592644045
344,Nova Audio Product 0344,Electronics,505,1819842.968,1279432.6500000001,540410.318,29.695436776828533
345,Aster Men Product 0345,Fashion,268,909359.859,588364.52,320995.33900000004,35.299044247784416
346,UrbanX Accessories Product 0346,Electronics,247,7001629.3995,3092756.16,3908873.2395,55.82805110734853
347,Mira Laptops Product 0347,Electronics,221,15698584.108000001,6967553.1899999995,8731030.918000001,55.6166776438817
348,Nexa Haircare Product 0348,Beauty,353,2811337.737,1782388.78,1028948.9570000002,36.59997671066015
349,Nexa Bags Product 0349,Fashion,136,1312635.09,744802.64,567832.4500000001,43.25897230128139
350,Aster Women Product 0350,Fashion,457,4580194.608,2526053.79,2054140.818,44.848330558097544
351,Vertex Kitchen Product 0351,Home,187,2115954.8474999997,1172712.53,943242.3174999997,44.5776202934784
352,Pulse Sportswear Product 0352,Sports,110,1408832.979,831065.4,577767.579,41.010367276474724
353,Pulse Fitness Product 0353,Sports,665,5250258.517,3108429.45,2141829.067,40.794735346171905
354,Orion Makeup Product 0354,Beauty,279,191446.109,124894.34999999999,66551.759,34.762659501217655
355,Pulse Skincare Product 0355,Beauty,480,1744045.7645,1059192.0,684853.7645,39.268107433886094
356,Aster Men Product 0356,Fashion,178,2526798.582,1496732.58,1030066.0019999999,40.76565537664212
357,UrbanX Audio Product 0357,Electronics,168,13071700.81,6401052.0,6670648.8100000005,51.031223151136366
358,Pulse Personal Care Product 0358,Beauty,1273,8500659.148,3903221.6799999997,4597437.468,54.08330563497145
359,Mira Decor Product 0359,Home,176,1013859.78,604070.72,409789.06000000006,40.41871155003309
360,Orion Skincare Product 0360,Beauty,828,1710909.8639999998,1246255.9200000002,464653.94399999967,27.158294763329494
361,Pulse Laptops Product 0361,Electronics,236,10319061.5325,5882080.52,4436981.012500001,42.99791215049624
362,Pulse Kitchen Product 0362,Home,297,8372104.398,3626301.69,4745802.708000001,56.68589977370228
363,UrbanX Haircare Product 0363,Beauty,1231,4227990.358,1849331.3,2378659.058,56.25980327744163
364,Orion Running Product 0364,Sports,327,463551.0,206428.56,257122.44,55.467993812978506
365,Orion Audio Product 0365,Electronics,373,23011624.415499996,10285803.24,12725821.175499996,55.30170728376844
366,UrbanX Skincare Product 0366,Beauty,44,68556.928,32465.84,36091.088,52.64396911133475
367,Nexa Decor Product 0367,Home,574,5146777.526,2750298.04,2396479.4859999996,46.56271762075771
368,Orion Sportswear Product 0368,Sports,381,1478007.9075,691450.23,786557.6775,53.217420117219504
369,Vertex Sportswear Product 0369,Sports,174,1907144.58,1301041.5,606103.0800000001,31.780657132979403
370,UrbanX Audio Product 0370,Electronics,2318,154927752.32099998,93131074.11999999,61796678.20099999,39.887416731484876
371,Pulse Bags Product 0371,Fashion,160,185284.6305,106678.4,78606.2305,42.424582269925516
372,Orion Men Product 0372,Fashion,180,2312909.3515,1513762.2000000002,799147.1514999997,34.551598443826855
373,UrbanX Fitness Product 0373,Sports,230,3801008.64,2296715.5999999996,1504293.0400000005,39.57615418627411
374,UrbanX Men Product 0374,Fashion,88,1023170.429,417402.48,605767.949,59.20498988541429
375,Vertex Furniture Product 0375,Home,280,1409871.5459999999,968578.8,441292.7459999998,31.30020938801185
376,Pulse Storage Product 0376,Home,57,230591.7315,117587.01,113004.7215,49.006406589214585
377,Aster Sportswear Product 0377,Sports,637,9072837.1515,4390860.109999999,4681977.0415,51.6043323970158
378,Nova Fitness Product 0378,Sports,297,3544726.288,2082843.18,1461883.1080000002,41.24107164349836
379,UrbanX Makeup Product 0379,Beauty,214,952945.189,442840.89999999997,510104.28900000005,53.529237031491014
380,Aster Sportswear Product 0380,Sports,359,3252729.8924999996,1382257.7000000002,1870472.1924999994,57.50468850219784
381,Aster Footwear Product 0381,Fashion,106,682167.905,399705.86,282462.04500000004,41.40652805997961
382,Orion Laptops Product 0382,Electronics,131,5654293.23,2794323.01,2859970.2200000007,50.58050765435807
383,Zenith Laptops Product 0383,Electronics,576,19658456.664,11130284.16,8528172.504,43.381699030409706
384,Nova Laptops Product 0384,Electronics,452,20691508.428,12857808.959999999,7833699.468,37.85948953532718
385,Orion Fitness Product 0385,Sports,137,1169363.7615,546605.34,622758.4215,53.25617587987825
386,Mira Women Product 0386,Fashion,591,4699909.336499999,3030760.2899999996,1669149.0464999997,35.51449457837855
387,Pulse Laptops Product 0387,Electronics,3568,244329607.384,144897443.35999998,99432164.02400002,40.69591282391237
388,Nova Storage Product 0388,Home,238,391759.944,235120.19999999998,156639.74400000004,39.983603836741416
389,Vertex Furniture Product 0389,Home,926,10187243.819999998,3934296.1999999997,6252947.619999999,61.38017044142956
390,Orion Accessories Product 0390,Electronics,281,8069196.352,4176913.26,3892283.092,48.23631650796642
391,UrbanX Bags Product 0391,Fashion,260,1302325.6735,636487.8,665837.8735,51.1268330993246
392,Prime Sportswear Product 0392,Sports,157,2274213.242,1239120.93,1035092.3120000002,45.51430327130248
393,Nova Footwear Product 0393,Fashion,669,4090777.1345,2800581.18,1290195.9545,31.539140659093757
394,Orion Women Product 0394,Fashion,426,2139930.772,1197515.82,942414.9519999998,44.0395065266158
395,Mira Accessories Product 0395,Electronics,736,31555241.148,16006999.04,15548242.108,49.27308916790028
396,Vertex Storage Product 0396,Home,574,14697668.002500001,7402648.4,7295019.602500001,49.633857570188376
397,Mira Running Product 0397,Sports,737,7424575.389,4415602.84,3008972.5490000006,40.52720043031676
398,Nova Storage Product 0398,Home,826,12070731.190000001,5777820.4399999995,6292910.750000002,52.133633422417404
399,Prime Footwear Product 0399,Fashion,261,671926.245,431537.4,240388.84499999997,35.77607613764216
400,Zenith Fitness Product 0400,Sports,407,5702657.76,3223448.14,2479209.6199999996,43.47463453602027
401,Vertex Furniture Product 0401,Home,388,6249535.138,2940527.8400000003,3309007.298,52.94805493419405
402,Pulse Accessories Product 0402,Electronics,184,15981681.0195,6936356.56,9045324.4595,56.59807906604677
403,Zenith Furniture Product 0403,Home,137,801649.625,370808.31,430841.315,53.7443418625687
404,Aster Skincare Product 0404,Beauty,942,383841.44,232787.04,151054.4,39.353332980409824
405,Vertex Phones Product 0405,Electronics,512,17107946.853,7497784.32,9610162.533,56.17367540111798
406,Nova Women Product 0406,Fashion,1243,6792813.725,4036891.0999999996,2755922.625,40.57114969688058
407,Zenith Storage Product 0407,Home,417,10783758.698,4766076.48,6017682.218,55.80319799919173
408,Aster Furniture Product 0408,Home,258,5160189.93,2915369.04,2244820.8899999997,43.502679561254055
409,Nexa Makeup Product 0409,Beauty,206,127648.56999999999,85444.68,42203.89,33.06256388144419
410,Zenith Accessories Product 0410,Electronics,213,10954789.047999999,7125016.14,3829772.907999999,34.95980517031677
411,UrbanX Audio Product 0411,Electronics,244,4127271.14,1971329.68,2155941.46,52.23648718169749
412,Mira Fitness Product 0412,Sports,245,2041474.257,1086477.0,954997.257,46.77978444868531
413,Pulse Running Product 0413,Sports,469,9051961.77,5685297.73,3366664.039999999,37.19264536840834
414,Vertex Makeup Product 0414,Beauty,123,136525.06,84360.78,52164.28,38.20857504109502
415,Nexa Kitchen Product 0415,Home,200,5939270.233,2842260.0,3097010.233,52.14462571162824
416,Aster Bags Product 0416,Fashion,79,295926.312,143812.39,152113.92199999996,51.40263499110548
417,Nova Skincare Product 0417,Beauty,426,2936347.5675,1328365.98,1607981.5875,54.761282529950364
418,Nova Outdoor Product 0418,Sports,546,2842094.0730000003,1317001.1400000001,1525092.9330000002,53.660888550046245
419,Zenith Bags Product 0419,Fashion,527,1610827.4749999999,1087475.04,523352.4349999998,32.48966404673473
420,UrbanX Kitchen Product 0420,Home,149,2627349.51,1226185.07,1401164.4399999997,53.32995989559074
421,Orion Men Product 0421,Fashion,124,289964.07800000004,129397.72,160566.35800000004,55.374568845731304
422,Nexa Men Product 0422,Fashion,157,1736339.625,918376.21,817963.415,47.108492095836375
423,UrbanX Fitness Product 0423,Sports,110,1697463.705,713311.5,984152.2050000001,57.97780548126653
424,Aster Fitness Product 0424,Sports,488,3193484.8835,1364687.1199999999,1828797.7635000001,57.26652325642675
425,Mira Storage Product 0425,Home,178,3150104.184,1739076.02,1411028.1639999999,44.79306339031229
426,Prime Personal Care Product 0426,Beauty,345,1477765.7999999998,655399.9500000001,822365.8499999997,55.64926796925465
427,UrbanX Phones Product 0427,Electronics,721,46698453.382,27592698.84,19105754.542,40.913034925829784
428,Nexa Outdoor Product 0428,Sports,248,4088704.9405,2816451.6799999997,1272253.2605000003,31.116289363360586
429,Zenith Laptops Product 0429,Electronics,272,12656954.8305,8015124.64,4641830.1905,36.6741467648631
430,Nova Skincare Product 0430,Beauty,155,519854.664,300793.0,219061.664,42.13902060903699
431,Orion Phones Product 0431,Electronics,520,34465697.792,21516653.6,12949044.192000002,37.57081684562808
432,Zenith Haircare Product 0432,Beauty,216,281782.73750000005,113441.04000000001,168341.69750000004,59.7416644445794
433,Zenith Fitness Product 0433,Sports,316,1491573.366,1147080.0,344493.3659999999,23.095971934913187
434,Prime Accessories Product 0434,Electronics,704,44849184.480000004,30195313.28,14653871.200000003,32.67366256466655
435,Nexa Makeup Product 0435,Beauty,317,2306836.056,999025.5,1307810.5559999999,56.692826202296885
436,Orion Bags Product 0436,Fashion,126,1499153.748,698416.74,800737.0079999999,53.41260088021339
437,Vertex Women Product 0437,Fashion,280,1438460.604,1049440.0,389020.60400000005,27.044230680925903
438,Nova Storage Product 0438,Home,286,6577959.582,3530275.3200000003,3047684.262,46.331757196254536
439,UrbanX Outdoor Product 0439,Sports,433,6480160.9785,2774187.6999999997,3705973.2785000005,57.18952493303404
440,Orion Storage Product 0440,Home,951,22779200.867500003,14307595.290000001,8471605.577500002,37.190091201078
441,Pulse Fitness Product 0441,Sports,125,1081242.9845,660110.0,421132.9845,38.94896804299219
442,Aster Storage Product 0442,Home,309,3967597.5805,3017063.6399999997,950533.9405000005,23.9574180902745
443,Prime Women Product 0443,Fashion,196,897314.2350000001,542998.4,354315.8350000001,39.48626035114667
444,Vertex Running Product 0444,Sports,479,1428319.832,712708.89,715610.9419999999,50.10158971173621
445,UrbanX Fitness Product 0445,Sports,411,4250825.809,1840638.8399999999,2410186.9690000005,56.6992645028424
446,Pulse Men Product 0446,Fashion,228,751115.5195,487723.92,263391.59950000007,35.066723115418206
447,Zenith Outdoor Product 0447,Sports,161,2140270.2265,1067777.76,1072492.4664999999,50.1101427857479
448,Nexa Fitness Product 0448,Sports,1023,14347401.144,6702665.3100000005,7644735.833999999,53.283070273650104
449,Pulse Storage Product 0449,Home,271,3047726.3279999997,1624663.97,1423062.3579999998,46.692589978505445
450,Pulse Phones Product 0450,Electronics,155,10539409.608,6770451.15,3768958.4579999987,35.76062225666938
451,Nova Bags Product 0451,Fashion,24,251945.026,101556.48000000001,150388.546,59.69101608697763
452,Zenith Bags Product 0452,Fashion,356,4827184.702500001,2381839.3600000003,2445345.3425000003,50.65779524105542
453,Nova Kitchen Product 0453,Home,267,6468987.566,4255603.53,2213384.0359999994,34.2153082444184
454,Nexa Laptops Product 0454,Electronics,530,35444708.7825,14014980.8,21429727.982499998,60.45959670313451
455,Nova Phones Product 0455,Electronics,401,3255126.721,1975225.75,1279900.971,39.319543621540014
456,UrbanX Bags Product 0456,Fashion,439,3518591.9999999995,1403614.7000000002,2114977.2999999993,60.10862583669831
457,Prime Fitness Product 0457,Sports,128,407641.09750000003,205304.32,202336.77750000003,49.63601038778972
458,Prime Footwear Product 0458,Fashion,136,995495.5335,717201.44,278294.0935000001,27.955333211949572
459,Orion Furniture Product 0459,Home,525,16915739.5605,7535225.25,9380514.3105,55.45435525860466
460,Nexa Men Product 0460,Fashion,209,546112.905,314371.53,231741.375,42.434700384895685
461,Mira Fitness Product 0461,Sports,325,5460861.159,3288606.7500000005,2172254.4089999995,39.77860534725233
462,Orion Furniture Product 0462,Home,56,1378697.82,585104.24,793593.5800000001,57.56109631043008
463,Nexa Accessories Product 0463,Electronics,68,819009.792,338650.88,480358.912,58.65118057098883
464,Pulse Makeup Product 0464,Beauty,159,337476.653,184862.94,152613.713,45.22200621682709
465,Zenith Storage Product 0465,Home,315,3557901.396,2333784.6,1224116.796,34.405585196268326
466,Pulse Outdoor Product 0466,Sports,423,4200992.331,2484570.8699999996,1716421.4610000006,40.85752426478306
467,Pulse Makeup Product 0467,Beauty,534,2609339.436,1302992.04,1306347.3960000002,50.06429512300523
468,Orion Skincare Product 0468,Beauty,245,413049.45,180917.80000000002,232131.65,56.19948168433586
469,Aster Phones Product 0469,Electronics,226,15788574.837000001,10350531.059999999,5438043.777000003,34.4429046518887
470,Nexa Audio Product 0470,Electronics,329,24083409.196,13173804.84,10909604.355999999,45.29925255686794
471,Orion Outdoor Product 0471,Sports,311,4029650.43,2347804.31,1681846.12,41.736774671047584
472,Nexa Furniture Product 0472,Home,257,4260089.7275,2606699.5999999996,1653390.1275000004,38.81115735255368
473,Vertex Men Product 0473,Fashion,782,1273912.8495,581315.34,692597.5095,54.36773086729117
474,UrbanX Outdoor Product 0474,Sports,1029,14051301.726,5502968.5200000005,8548333.206,60.83659274202679
475,Prime Footwear Product 0475,Fashion,67,253747.527,121775.84999999999,131971.67700000003,52.00904953055957
476,UrbanX Audio Product 0476,Electronics,398,13057293.776500002,7120494.619999999,5936799.156500002,45.467301709829165
477,Nexa Fitness Product 0477,Sports,274,865262.6619999999,501091.2,364171.4619999999,42.08796680978243
478,Orion Furniture Product 0478,Home,174,3760586.3419999997,2021544.18,1739042.1619999998,46.243909960996184
479,Zenith Accessories Product 0479,Electronics,232,14453760.0935,6737716.16,7716043.933499999,53.38433655730858
480,Orion Running Product 0480,Sports,993,5450734.516,2462143.5,2988591.016,54.82914288390559
481,Prime Decor Product 0481,Home,405,8835047.488,6361023.149999999,2474024.3380000005,28.002388683935056
482,Zenith Sportswear Product 0482,Sports,1108,6800375.12,3947892.64,2852482.48,41.94595782827933
483,Orion Storage Product 0483,Home,676,11138376.336000001,5388030.96,5750345.376000001,51.626423838944
484,Vertex Phones Product 0484,Electronics,964,75111342.7475,46635052.04,28476290.707500003,37.91210443837766
485,Prime Decor Product 0485,Home,344,701922.894,292499.76,409423.13399999996,58.328790455437115
486,UrbanX Fitness Product 0486,Sports,164,3485309.2545,1695092.52,1790216.7344999998,51.36464525174031
487,Pulse Personal Care Product 0487,Beauty,346,1784278.9679999999,993134.1799999999,791144.788,44.33974743796902
488,Mira Kitchen Product 0488,Home,252,8625577.212000001,3732251.04,4893326.172000001,56.730419909665294
489,Nexa Phones Product 0489,Electronics,406,697847.2,405009.36,292837.83999999997,41.96303144871828
490,Mira Makeup Product 0490,Beauty,51,174721.52850000001,123714.27,51007.25850000001,29.19345940818049
491,Nexa Decor Product 0491,Home,178,3047950.1565000005,1527366.38,1520583.7765000006,49.88873499972539
492,Orion Bags Product 0492,Fashion,320,1472122.6800000002,639702.4,832420.2800000001,56.545578117171594
493,Orion Men Product 0493,Fashion,277,146678.431,93828.21,52850.221000000005,36.03135146707426
494,Nova Sportswear Product 0494,Sports,135,480338.524,266668.2,213670.32399999996,44.48327863038526
495,Prime Makeup Product 0495,Beauty,917,5138102.92,2931098.8000000003,2207004.1199999996,42.9536767628625
496,Vertex Outdoor Product 0496,Sports,180,3573823.476,2065901.4,1507922.076,42.193524278030125
497,Vertex Audio Product 0497,Electronics,565,506151.22500000003,262905.8,243245.42500000005,48.057855633956045
498,Nexa Running Product 0498,Sports,51,206475.508,108313.29,98162.21800000001,47.5418217641581
499,Pulse Outdoor Product 0499,Sports,83,1449701.33,931758.83,517942.5000000001,35.727531546101304
500,UrbanX Women Product 0500,Fashion,66,767788.0425000001,339346.26,428441.7825000001,55.802091043896404
