product_id,product_name,category,subcategory,brand,unit_cost,list_price
1,Mira Phones Product 0001,Electronics,Phones,Mira,21482.72,43348.18
2,Aster Accessories Product 0002,Electronics,Accessories,Aster,2967.0,5732.45
3,Vertex Sportswear Product 0003,Sports,Sportswear,Vertex,482.48,781.7
4,Mira Makeup Product 0004,Beauty,Makeup,Mira,613.04,1258.41
5,Aster Footwear Product 0005,Fashion,Footwear,Aster,1505.17,3175.62
6,Prime Outdoor Product 0006,Sports,Outdoor,Prime,5432.86,10720.13
7,UrbanX Kitchen Product 0007,Home,Kitchen,UrbanX,8616.11,17090.07
8,Prime Men Product 0008,Fashion,Men,Prime,4566.54,10650.27
9,Pulse Running Product 0009,Sports,Running,Pulse,6180.31,11592.97
10,Vertex Outdoor Product 0010,Sports,Outdoor,Vertex,2743.15,5823.38
11,Prime Outdoor Product 0011,Sports,Outdoor,Prime,6375.76,16678.22
12,Nova Sportswear Product 0012,Sports,Sportswear,Nova,3948.34,6756.31
13,UrbanX Accessories Product 0013,Electronics,Accessories,UrbanX,51609.92,85560.78
14,Pulse Outdoor Product 0014,Sports,Outdoor,Pulse,6930.11,19464.27
15,Nexa Women Product 0015,Fashion,Women,Nexa,6734.36,11664.25
16,Prime Kitchen Product 0016,Home,Kitchen,Prime,11781.81,21454.74
17,Aster Women Product 0017,Fashion,Women,Aster,6491.5,12553.15
18,Orion Running Product 0018,Sports,Running,Orion,12661.68,20937.79
19,Mira Furniture Product 0019,Home,Furniture,Mira,16203.87,26683.2
20,Nova Furniture Product 0020,Home,Furniture,Nova,744.95,1251.01
21,Nova Laptops Product 0021,Electronics,Laptops,Nova,2563.73,6149.66
22,Prime Furniture Product 0022,Home,Furniture,Prime,11067.68,17700.68
23,Pulse Accessories Product 0023,Electronics,Accessories,Pulse,36720.52,75763.11
24,UrbanX Phones Product 0024,Electronics,Phones,UrbanX,22956.25,53629.67
25,Mira Haircare Product 0025,Beauty,Haircare,Mira,1804.88,5237.16
26,Vertex Phones Product 0026,Electronics,Phones,Vertex,16030.91,29845.92
27,Aster Decor Product 0027,Home,Decor,Aster,6056.0,11663.5
28,Orion Sportswear Product 0028,Sports,Sportswear,Orion,1683.96,2664.67
29,Nexa Sportswear Product 0029,Sports,Sportswear,Nexa,2204.38,3345.49
30,UrbanX Laptops Product 0030,Electronics,Laptops,UrbanX,10499.2,19415.45
31,Mira Outdoor Product 0031,Sports,Outdoor,Mira,5234.08,11517.62
32,Pulse Bags Product 0032,Fashion,Bags,Pulse,3732.4,8809.09
33,Pulse Women Product 0033,Fashion,Women,Pulse,2189.22,5723.14
34,Nexa Men Product 0034,Fashion,Men,Nexa,1016.27,2269.19
35,Mira Running Product 0035,Sports,Running,Mira,5997.51,14554.58
36,Mira Bags Product 0036,Fashion,Bags,Mira,4999.14,12411.52
37,Orion Storage Product 0037,Home,Storage,Orion,8983.13,24772.71
38,Pulse Kitchen Product 0038,Home,Kitchen,Pulse,8605.72,21570.55
39,Vertex Audio Product 0039,Electronics,Audio,Vertex,24866.51,42714.9
40,Orion Furniture Product 0040,Home,Furniture,Orion,898.35,1539.65
41,Orion Storage Product 0041,Home,Storage,Orion,6646.18,17278.36
42,Vertex Footwear Product 0042,Fashion,Footwear,Vertex,6150.09,14681.25
43,Nexa Footwear Product 0043,Fashion,Footwear,Nexa,4451.07,12318.19
44,Aster Storage Product 0044,Home,Storage,Aster,11646.25,26969.99
45,Prime Accessories Product 0045,Electronics,Accessories,Prime,11584.35,34139.77
46,Pulse Running Product 0046,Sports,Running,Pulse,7000.29,11728.56
47,UrbanX Footwear Product 0047,Fashion,Footwear,UrbanX,6000.79,14772.59
48,Prime Haircare Product 0048,Beauty,Haircare,Prime,2564.03,5273.65
49,Zenith Outdoor Product 0049,Sports,Outdoor,Zenith,10211.24,22776.11
50,Mira Kitchen Product 0050,Home,Kitchen,Mira,10637.29,29721.1
51,Vertex Storage Product 0051,Home,Storage,Vertex,3970.32,6571.46
52,UrbanX Accessories Product 0052,Electronics,Accessories,UrbanX,49865.81,93611.59
53,UrbanX Phones Product 0053,Electronics,Phones,UrbanX,13711.53,33161.28
54,Orion Accessories Product 0054,Electronics,Accessories,Orion,45350.97,81286.61
55,Nexa Sportswear Product 0055,Sports,Sportswear,Nexa,9391.93,20477.41
56,Vertex Bags Product 0056,Fashion,Bags,Vertex,868.46,1920.61
57,Orion Fitness Product 0057,Sports,Fitness,Orion,3645.23,5888.46
58,Nexa Makeup Product 0058,Beauty,Makeup,Nexa,1101.94,2490.14
59,Zenith Accessories Product 0059,Electronics,Accessories,Zenith,1109.89,2100.24
60,Zenith Haircare Product 0060,Beauty,Haircare,Zenith,2395.83,5287.8
61,Zenith Haircare Product 0061,Beauty,Haircare,Zenith,294.96,586.98
62,Orion Accessories Product 0062,Electronics,Accessories,Orion,33613.24,72744.72
63,Mira Bags Product 0063,Fashion,Bags,Mira,1174.67,1855.25
64,Nova Women Product 0064,Fashion,Women,Nova,637.21,1122.65
65,Zenith Furniture Product 0065,Home,Furniture,Zenith,12907.72,20884.39
66,Orion Fitness Product 0066,Sports,Fitness,Orion,6677.01,14178.86
67,Vertex Personal Care Product 0067,Beauty,Personal Care,Vertex,2589.31,6906.04
68,Prime Fitness Product 0068,Sports,Fitness,Prime,5950.43,15729.97
69,Zenith Accessories Product 0069,Electronics,Accessories,Zenith,9689.86,17276.4
70,Prime Outdoor Product 0070,Sports,Outdoor,Prime,10306.73,18136.21
71,Nova Women Product 0071,Fashion,Women,Nova,4834.13,9734.8
72,Zenith Men Product 0072,Fashion,Men,Zenith,5782.27,9663.83
73,Nexa Outdoor Product 0073,Sports,Outdoor,Nexa,5599.92,10060.79
74,Zenith Decor Product 0074,Home,Decor,Zenith,13677.39,33302.07
75,Zenith Footwear Product 0075,Fashion,Footwear,Zenith,3351.04,7154.7
76,Vertex Footwear Product 0076,Fashion,Footwear,Vertex,2392.03,4746.86
77,Vertex Furniture Product 0077,Home,Furniture,Vertex,6013.6,12850.1
78,Vertex Storage Product 0078,Home,Storage,Vertex,3395.5,8562.46
79,Orion Outdoor Product 0079,Sports,Outdoor,Orion,560.62,1072.93
80,Orion Makeup Product 0080,Beauty,Makeup,Orion,675.13,1269.51
81,Orion Laptops Product 0081,Electronics,Laptops,Orion,46042.39,87611.08
82,Nexa Running Product 0082,Sports,Running,Nexa,7881.03,17989.52
83,Vertex Fitness Product 0083,Sports,Fitness,Vertex,1570.89,3482.78
84,Aster Laptops Product 0084,Electronics,Laptops,Aster,29203.8,60836.12
85,Nova Bags Product 0085,Fashion,Bags,Nova,6145.04,12910.24
86,Orion Storage Product 0086,Home,Storage,Orion,1542.37,3183.51
87,Nova Bags Product 0087,Fashion,Bags,Nova,3943.95,6459.16
88,Nova Personal Care Product 0088,Beauty,Personal Care,Nova,3955.19,6628.98
89,Mira Kitchen Product 0089,Home,Kitchen,Mira,1173.43,2408.53
90,Zenith Decor Product 0090,Home,Decor,Zenith,8686.99,17195.02
91,UrbanX Storage Product 0091,Home,Storage,UrbanX,5831.64,11379.47
92,UrbanX Men Product 0092,Fashion,Men,UrbanX,239.92,462.42
93,Zenith Bags Product 0093,Fashion,Bags,Zenith,3477.64,5641.35
94,Aster Skincare Product 0094,Beauty,Skincare,Aster,3294.12,6392.08
95,Vertex Skincare Product 0095,Beauty,Skincare,Vertex,3330.89,7028.23
96,UrbanX Outdoor Product 0096,Sports,Outdoor,UrbanX,2960.43,6949.85
97,Nova Running Product 0097,Sports,Running,Nova,9085.21,18007.04
98,Orion Bags Product 0098,Fashion,Bags,Orion,5130.82,10110.6
99,Vertex Makeup Product 0099,Beauty,Makeup,Vertex,1001.67,2754.39
100,Orion Personal Care Product 0100,Beauty,Personal Care,Orion,3102.41,5726.69
101,Nexa Skincare Product 0101,Beauty,Skincare,Nexa,1704.59,4634.32
102,Prime Footwear Product 0102,Fashion,Footwear,Prime,967.26,1963.67
103,Prime Skincare Product 0103,Beauty,Skincare,Prime,4387.48,7460.72
104,Nova Skincare Product 0104,Beauty,Skincare,Nova,1253.64,3483.74
105,Pulse Footwear Product 0105,Fashion,Footwear,Pulse,2727.03,5666.13
106,Nova Furniture Product 0106,Home,Furniture,Nova,17400.68,35566.34
107,Mira Decor Product 0107,Home,Decor,Mira,6386.74,11111.61
108,Zenith Kitchen Product 0108,Home,Kitchen,Zenith,12979.58,23447.81
109,UrbanX Women Product 0109,Fashion,Women,UrbanX,2667.79,5776.7
110,UrbanX Men Product 0110,Fashion,Men,UrbanX,6994.65,12317.79
111,Prime Women Product 0111,Fashion,Women,Prime,7075.56,13713.8
112,Aster Kitchen Product 0112,Home,Kitchen,Aster,17640.78,28370.31
113,UrbanX Footwear Product 0113,Fashion,Footwear,UrbanX,1562.74,3396.18
114,Zenith Storage Product 0114,Home,Storage,Zenith,14740.64,26775.06
115,Nexa Decor Product 0115,Home,Decor,Nexa,2113.35,4103.88
116,Pulse Bags Product 0116,Fashion,Bags,Pulse,2689.7,5638.38
117,Nova Women Product 0117,Fashion,Women,Nova,5162.04,8686.53
118,Mira Phones Product 0118,Electronics,Phones,Mira,37037.67,75913.25
119,Prime Sportswear Product 0119,Sports,Sportswear,Prime,2621.2,4622.7
120,Pulse Men Product 0120,Fashion,Men,Pulse,3687.31,9650.09
121,Aster Outdoor Product 0121,Sports,Outdoor,Aster,7353.53,17149.93
122,Aster Fitness Product 0122,Sports,Fitness,Aster,3399.49,9243.45
123,Vertex Furniture Product 0123,Home,Furniture,Vertex,13795.56,34805.92
124,Orion Storage Product 0124,Home,Storage,Orion,12354.15,28510.78
125,Aster Outdoor Product 0125,Sports,Outdoor,Aster,8688.26,18206.26
126,Pulse Personal Care Product 0126,Beauty,Personal Care,Pulse,2041.07,4878.87
127,Zenith Outdoor Product 0127,Sports,Outdoor,Zenith,9488.54,17319.36
128,Nova Skincare Product 0128,Beauty,Skincare,Nova,419.61,977.06
129,UrbanX Outdoor Product 0129,Sports,Outdoor,UrbanX,10778.73,18425.99
130,UrbanX Laptops Product 0130,Electronics,Laptops,UrbanX,41883.77,70160.77
131,UrbanX Audio Product 0131,Electronics,Audio,UrbanX,27398.46,49793.2
132,Nova Phones Product 0132,Electronics,Phones,Nova,35414.41,70376.28
133,Nova Outdoor Product 0133,Sports,Outdoor,Nova,10200.32,18181.8
134,Pulse Footwear Product 0134,Fashion,Footwear,Pulse,5637.49,9734.8
135,Nexa Audio Product 0135,Electronics,Audio,Nexa,33899.54,63842.5
136,Prime Fitness Product 0136,Sports,Fitness,Prime,7717.92,12273.98
137,Prime Furniture Product 0137,Home,Furniture,Prime,1327.53,3361.42
138,Zenith Personal Care Product 0138,Beauty,Personal Care,Zenith,1913.91,3419.22
139,Orion Phones Product 0139,Electronics,Phones,Orion,11393.91,26759.6
140,UrbanX Personal Care Product 0140,Beauty,Personal Care,UrbanX,684.35,1341.54
141,Nexa Sportswear Product 0141,Sports,Sportswear,Nexa,1038.04,2617.28
142,Mira Furniture Product 0142,Home,Furniture,Mira,7584.35,12406.57
143,Nexa Haircare Product 0143,Beauty,Haircare,Nexa,3232.5,8968.66
144,Aster Accessories Product 0144,Electronics,Accessories,Aster,37980.54,77109.6
145,Nova Makeup Product 0145,Beauty,Makeup,Nova,1159.25,2197.07
146,Nova Accessories Product 0146,Electronics,Accessories,Nova,15482.27,42863.04
147,Pulse Women Product 0147,Fashion,Women,Pulse,5338.26,9710.9
148,Orion Footwear Product 0148,Fashion,Footwear,Orion,1405.24,3067.31
149,Zenith Laptops Product 0149,Electronics,Laptops,Zenith,40314.54,80994.71
150,Pulse Outdoor Product 0150,Sports,Outdoor,Pulse,9584.84,19320.59
151,Pulse Fitness Product 0151,Sports,Fitness,Pulse,7061.31,17766.79
152,Nova Men Product 0152,Fashion,Men,Nova,5434.03,11634.9
153,Prime Accessories Product 0153,Electronics,Accessories,Prime,12615.22,27218.41
154,Nova Audio Product 0154,Electronics,Audio,Nova,44328.16,90177.2
155,Pulse Running Product 0155,Sports,Running,Pulse,7574.07,12348.38
156,Pulse Men Product 0156,Fashion,Men,Pulse,6051.74,15031.18
157,Pulse Running Product 0157,Sports,Running,Pulse,6496.2,14914.42
158,Prime Haircare Product 0158,Beauty,Haircare,Prime,2314.34,4172.2
159,UrbanX Fitness Product 0159,Sports,Fitness,UrbanX,5353.32,11833.42
160,Vertex Haircare Product 0160,Beauty,Haircare,Vertex,1609.97,3239.49
161,Pulse Fitness Product 0161,Sports,Fitness,Pulse,2769.64,7216.89
162,Zenith Running Product 0162,Sports,Running,Zenith,6136.68,10214.42
163,Nexa Haircare Product 0163,Beauty,Haircare,Nexa,1201.77,2245.65
164,Mira Personal Care Product 0164,Beauty,Personal Care,Mira,2557.15,4747.3
165,Aster Storage Product 0165,Home,Storage,Aster,10778.59,19573.94
166,Nova Audio Product 0166,Electronics,Audio,Nova,15253.44,23502.74
167,Pulse Decor Product 0167,Home,Decor,Pulse,7924.05,16432.65
168,Vertex Audio Product 0168,Electronics,Audio,Vertex,3089.24,4904.21
169,Orion Bags Product 0169,Fashion,Bags,Orion,4776.2,11683.13
170,Nova Decor Product 0170,Home,Decor,Nova,4321.41,10288.61
171,Nova Sportswear Product 0171,Sports,Sportswear,Nova,663.89,1268.97
172,UrbanX Storage Product 0172,Home,Storage,UrbanX,10450.88,25817.09
173,Nova Outdoor Product 0173,Sports,Outdoor,Nova,10558.14,19996.54
174,UrbanX Skincare Product 0174,Beauty,Skincare,UrbanX,1757.17,4031.88
175,Orion Audio Product 0175,Electronics,Audio,Orion,4621.85,8299.48
176,Orion Haircare Product 0176,Beauty,Haircare,Orion,281.78,710.61
177,Mira Audio Product 0177,Electronics,Audio,Mira,31509.33,85034.68
178,Aster Footwear Product 0178,Fashion,Footwear,Aster,1417.27,2853.65
179,Pulse Personal Care Product 0179,Beauty,Personal Care,Pulse,3145.54,5215.01
180,Nova Accessories Product 0180,Electronics,Accessories,Nova,31273.84,61476.94
181,Zenith Footwear Product 0181,Fashion,Footwear,Zenith,4099.88,7843.84
182,Mira Bags Product 0182,Fashion,Bags,Mira,748.49,1727.75
183,Orion Kitchen Product 0183,Home,Kitchen,Orion,10681.79,29161.08
184,UrbanX Footwear Product 0184,Fashion,Footwear,UrbanX,7576.42,11979.62
185,Nexa Laptops Product 0185,Electronics,Laptops,Nexa,25664.7,53004.96
186,Nexa Decor Product 0186,Home,Decor,Nexa,12499.54,21066.07
187,Zenith Outdoor Product 0187,Sports,Outdoor,Zenith,7683.51,19354.54
188,Pulse Audio Product 0188,Electronics,Audio,Pulse,6568.06,11764.85
189,Nexa Storage Product 0189,Home,Storage,Nexa,2332.09,5363.17
190,Zenith Footwear Product 0190,Fashion,Footwear,Zenith,5659.1,14073.83
191,UrbanX Personal Care Product 0191,Beauty,Personal Care,UrbanX,1665.47,3570.23
192,Nexa Women Product 0192,Fashion,Women,Nexa,1960.25,4473.79
193,Nexa Phones Product 0193,Electronics,Phones,Nexa,15233.67,23309.52
194,Nova Outdoor Product 0194,Sports,Outdoor,Nova,4628.32,10830.06
195,Nexa Fitness Product 0195,Sports,Fitness,Nexa,2783.55,6869.73
196,Prime Outdoor Product 0196,Sports,Outdoor,Prime,1461.05,2548.52
197,Prime Women Product 0197,Fashion,Women,Prime,7789.8,13191.41
198,Vertex Bags Product 0198,Fashion,Bags,Vertex,3894.83,9197.8
199,Pulse Haircare Product 0199,Beauty,Haircare,Pulse,4111.37,8024.7
200,Pulse Haircare Product 0200,Beauty,Haircare,Pulse,1689.59,3237.01
201,Nova Furniture Product 0201,Home,Furniture,Nova,5249.53,13107.71
202,Prime Storage Product 0202,Home,Storage,Prime,3965.1,8828.22
203,Nova Skincare Product 0203,Beauty,Skincare,Nova,1388.76,2365.54
204,Prime Bags Product 0204,Fashion,Bags,Prime,5325.31,12086.37
205,Pulse Bags Product 0205,Fashion,Bags,Pulse,691.74,1407.09
206,Nexa Personal Care Product 0206,Beauty,Personal Care,Nexa,2845.11,6283.04
207,Nexa Footwear Product 0207,Fashion,Footwear,Nexa,1576.06,2934.52
208,Pulse Laptops Product 0208,Electronics,Laptops,Pulse,30939.72,83611.95
209,UrbanX Women Product 0209,Fashion,Women,UrbanX,3192.84,6377.85
210,Zenith Makeup Product 0210,Beauty,Makeup,Zenith,4291.96,7067.66
211,Mira Accessories Product 0211,Electronics,Accessories,Mira,47892.49,84371.49
212,Orion Sportswear Product 0212,Sports,Sportswear,Orion,2080.17,4848.66
213,UrbanX Haircare Product 0213,Beauty,Haircare,UrbanX,4696.76,8384.42
214,Nexa Laptops Product 0214,Electronics,Laptops,Nexa,16999.42,32008.06
215,Nexa Decor Product 0215,Home,Decor,Nexa,11647.62,20381.3
216,Nexa Storage Product 0216,Home,Storage,Nexa,5204.45,9890.64
217,Zenith Makeup Product 0217,Beauty,Makeup,Zenith,1621.67,3162.18
218,Orion Makeup Product 0218,Beauty,Makeup,Orion,3378.85,7214.55
219,Vertex Bags Product 0219,Fashion,Bags,Vertex,4530.66,11388.9
220,Vertex Running Product 0220,Sports,Running,Vertex,3786.06,9543.37
221,Orion Skincare Product 0221,Beauty,Skincare,Orion,2125.56,3976.55
222,Mira Footwear Product 0222,Fashion,Footwear,Mira,1138.67,2362.83
223,UrbanX Laptops Product 0223,Electronics,Laptops,UrbanX,12060.5,30388.87
224,Aster Men Product 0224,Fashion,Men,Aster,5500.91,13837.65
225,Orion Sportswear Product 0225,Sports,Sportswear,Orion,2301.72,5319.79
226,Aster Women Product 0226,Fashion,Women,Aster,2630.36,6838.71
227,Nexa Personal Care Product 0227,Beauty,Personal Care,Nexa,2897.15,6260.4
228,Aster Women Product 0228,Fashion,Women,Aster,3134.78,4856.61
229,Mira Fitness Product 0229,Sports,Fitness,Mira,2578.4,4801.18
230,Nova Outdoor Product 0230,Sports,Outdoor,Nova,3989.75,8432.79
231,Prime Decor Product 0231,Home,Decor,Prime,9566.2,18230.99
232,Prime Furniture Product 0232,Home,Furniture,Prime,8388.72,21603.9
233,Prime Laptops Product 0233,Electronics,Laptops,Prime,41443.34,89217.12
234,Nova Sportswear Product 0234,Sports,Sportswear,Nova,2912.97,5725.09
235,Mira Accessories Product 0235,Electronics,Accessories,Mira,2461.18,4469.42
236,Pulse Accessories Product 0236,Electronics,Accessories,Pulse,4207.83,10738.05
237,Pulse Decor Product 0237,Home,Decor,Pulse,9951.29,18974.03
238,Pulse Running Product 0238,Sports,Running,Pulse,8704.19,23955.35
239,Mira Phones Product 0239,Electronics,Phones,Mira,34664.76,68796.64
240,Orion Makeup Product 0240,Beauty,Makeup,Orion,325.49,682.74
241,Vertex Laptops Product 0241,Electronics,Laptops,Vertex,6053.58,12129.42
242,Aster Laptops Product 0242,Electronics,Laptops,Aster,36199.8,68662.89
243,Vertex Storage Product 0243,Home,Storage,Vertex,5705.21,14374.7
244,UrbanX Running Product 0244,Sports,Running,UrbanX,3978.58,7349.36
245,Pulse Skincare Product 0245,Beauty,Skincare,Pulse,1637.86,3261.44
246,Vertex Decor Product 0246,Home,Decor,Vertex,7500.67,12618.58
247,UrbanX Haircare Product 0247,Beauty,Haircare,UrbanX,2147.3,3853.73
248,Aster Laptops Product 0248,Electronics,Laptops,Aster,25625.84,39817.78
249,Zenith Running Product 0249,Sports,Running,Zenith,514.57,1109.22
250,Vertex Accessories Product 0250,Electronics,Accessories,Vertex,49262.22,102637.99
251,Nexa Personal Care Product 0251,Beauty,Personal Care,Nexa,2284.64,3802.6
252,Vertex Makeup Product 0252,Beauty,Makeup,Vertex,419.56,658.24
253,Mira Sportswear Product 0253,Sports,Sportswear,Mira,8038.65,14547.67
254,Mira Outdoor Product 0254,Sports,Outdoor,Mira,9750.22,21047.46
255,Orion Women Product 0255,Fashion,Women,Orion,2073.53,4445.38
256,Aster Phones Product 0256,Electronics,Phones,Aster,36320.96,57746.08
257,Pulse Sportswear Product 0257,Sports,Sportswear,Pulse,10580.28,17226.73
258,Aster Sportswear Product 0258,Sports,Sportswear,Aster,4503.18,12802.31
259,Nova Haircare Product 0259,Beauty,Haircare,Nova,1414.32,2503.61
260,UrbanX Footwear Product 0260,Fashion,Footwear,UrbanX,5268.34,7882.42
261,Nova Phones Product 0261,Electronics,Phones,Nova,25171.72,56768.87
262,Zenith Kitchen Product 0262,Home,Kitchen,Zenith,15541.24,28678.53
263,Prime Furniture Product 0263,Home,Furniture,Prime,6753.82,11438.37
264,Pulse Laptops Product 0264,Electronics,Laptops,Pulse,2078.15,3250.66
265,Prime Running Product 0265,Sports,Running,Prime,8848.98,14279.89
266,Aster Audio Product 0266,Electronics,Audio,Aster,8590.98,16788.27
267,Pulse Sportswear Product 0267,Sports,Sportswear,Pulse,9114.77,17655.37
268,Orion Personal Care Product 0268,Beauty,Personal Care,Orion,656.32,1203.26
269,Orion Audio Product 0269,Electronics,Audio,Orion,27580.99,54755.02
270,Zenith Audio Product 0270,Electronics,Audio,Zenith,22845.18,56576.62
271,Nova Sportswear Product 0271,Sports,Sportswear,Nova,2232.6,4561.64
272,Mira Skincare Product 0272,Beauty,Skincare,Mira,3845.77,6811.11
273,Orion Haircare Product 0273,Beauty,Haircare,Orion,2011.46,5062.75
274,Zenith Makeup Product 0274,Beauty,Makeup,Zenith,1425.88,2516.67
275,Mira Laptops Product 0275,Electronics,Laptops,Mira,1166.09,1938.13
276,Prime Bags Product 0276,Fashion,Bags,Prime,3356.2,6236.91
277,Mira Makeup Product 0277,Beauty,Makeup,Mira,3645.38,7547.37
278,Nova Makeup Product 0278,Beauty,Makeup,Nova,3088.65,5733.73
279,Zenith Haircare Product 0279,Beauty,Haircare,Zenith,531.94,890.87
280,Mira Women Product 0280,Fashion,Women,Mira,3462.09,9877.75
281,Nexa Personal Care Product 0281,Beauty,Personal Care,Nexa,2526.21,4256.29
282,Nova Fitness Product 0282,Sports,Fitness,Nova,3832.39,6326.57
283,UrbanX Makeup Product 0283,Beauty,Makeup,UrbanX,1428.99,2856.16
284,Zenith Running Product 0284,Sports,Running,Zenith,8368.78,22802.0
285,Mira Skincare Product 0285,Beauty,Skincare,Mira,3455.08,7183.84
286,Pulse Decor Product 0286,Home,Decor,Pulse,2017.9,4216.01
287,Pulse Phones Product 0287,Electronics,Phones,Pulse,9153.02,18396.48
288,Zenith Bags Product 0288,Fashion,Bags,Zenith,3559.63,8775.25
289,Prime Skincare Product 0289,Beauty,Skincare,Prime,1700.63,4199.21
290,Prime Men Product 0290,Fashion,Men,Prime,5037.53,10918.09
291,Nexa Bags Product 0291,Fashion,Bags,Nexa,6373.71,11751.56
292,Mira Haircare Product 0292,Beauty,Haircare,Mira,3130.47,6454.65
293,Pulse Laptops Product 0293,Electronics,Laptops,Pulse,12030.56,22747.35
294,Nexa Haircare Product 0294,Beauty,Haircare,Nexa,761.58,1658.24
295,Aster Audio Product 0295,Electronics,Audio,Aster,47540.57,77286.53
296,Zenith Personal Care Product 0296,Beauty,Personal Care,Zenith,2019.33,4505.03
297,Aster Storage Product 0297,Home,Storage,Aster,5382.77,9595.34
298,Prime Skincare Product 0298,Beauty,Skincare,Prime,4284.62,8931.59
299,UrbanX Haircare Product 0299,Beauty,Haircare,UrbanX,3454.3,8645.43
300,Pulse Makeup Product 0300,Beauty,Makeup,Pulse,3387.1,8394.29
301,Orion Bags Product 0301,Fashion,Bags,Orion,2617.83,4621.57
302,Prime Outdoor Product 0302,Sports,Outdoor,Prime,5415.77,11402.62
303,Orion Fitness Product 0303,Sports,Fitness,Orion,3075.61,5075.23
304,Vertex Storage Product 0304,Home,Storage,Vertex,10556.93,19226.28
305,UrbanX Phones Product 0305,Electronics,Phones,UrbanX,40099.8,81813.14
306,Nova Fitness Product 0306,Sports,Fitness,Nova,8628.18,15771.15
307,UrbanX Haircare Product 0307,Beauty,Haircare,UrbanX,1595.54,3540.46
308,Pulse Sportswear Product 0308,Sports,Sportswear,Pulse,7077.55,20675.26
309,Zenith Decor Product 0309,Home,Decor,Zenith,10375.21,16558.65
310,Pulse Men Product 0310,Fashion,Men,Pulse,3022.26,8035.03
311,Nova Decor Product 0311,Home,Decor,Nova,262.05,598.05
312,Aster Skincare Product 0312,Beauty,Skincare,Aster,2200.59,4149.2
313,Nova Phones Product 0313,Electronics,Phones,Nova,28557.62,53425.19
314,Nova Furniture Product 0314,Home,Furniture,Nova,11033.54,24013.39
315,Prime Decor Product 0315,Home,Decor,Prime,14110.18,31172.56
316,UrbanX Makeup Product 0316,Beauty,Makeup,UrbanX,1466.28,2562.62
317,Aster Outdoor Product 0317,Sports,Outdoor,Aster,8711.39,20076.77
318,Zenith Laptops Product 0318,Electronics,Laptops,Zenith,31262.79,69016.53
319,Orion Footwear Product 0319,Fashion,Footwear,Orion,5962.26,10700.98
320,Aster Skincare Product 0320,Beauty,Skincare,Aster,1107.29,2560.33
321,Nexa Makeup Product 0321,Beauty,Makeup,Nexa,2276.46,4294.05
322,Nova Storage Product 0322,Home,Storage,Nova,1887.12,3605.54
323,UrbanX Audio Product 0323,Electronics,Audio,UrbanX,15551.29,39574.28
324,Orion Audio Product 0324,Electronics,Audio,Orion,8213.51,21982.31
325,Orion Outdoor Product 0325,Sports,Outdoor,Orion,2976.48,4624.87
326,Nexa Makeup Product 0326,Beauty,Makeup,Nexa,3227.77,6485.43
327,Prime Accessories Product 0327,Electronics,Accessories,Prime,16285.57,28391.95
328,Nexa Laptops Product 0328,Electronics,Laptops,Nexa,671.98,1323.32
329,Aster Furniture Product 0329,Home,Furniture,Aster,14656.03,31505.5
330,Nova Footwear Product 0330,Fashion,Footwear,Nova,1186.96,3042.31
331,Nova Accessories Product 0331,Electronics,Accessories,Nova,33856.23,75095.68
332,Vertex Audio Product 0332,Electronics,Audio,Vertex,22989.14,47896.11
333,Nexa Haircare Product 0333,Beauty,Haircare,Nexa,1876.32,4164.52
334,Aster Audio Product 0334,Electronics,Audio,Aster,30519.68,56205.97
335,Orion Skincare Product 0335,Beauty,Skincare,Orion,1231.63,2829.87
336,Prime Skincare Product 0336,Beauty,Skincare,Prime,2584.3,6675.29
337,Vertex Haircare Product 0337,Beauty,Haircare,Vertex,4496.08,8652.83
338,Mira Bags Product 0338,Fashion,Bags,Mira,1847.93,4090.54
339,UrbanX Makeup Product 0339,Beauty,Makeup,UrbanX,3841.37,7799.87
340,Orion Phones Product 0340,Electronics,Phones,Orion,20927.03,53159.78
341,Vertex Kitchen Product 0341,Home,Kitchen,Vertex,7120.23,18165.69
342,Zenith Accessories Product 0342,Electronics,Accessories,Zenith,43362.53,95119.13
343,Aster Kitchen Product 0343,Home,Kitchen,Aster,19316.0,32188.77
344,Nova Audio Product 0344,Electronics,Audio,Nova,2533.53,3940.76
345,Aster Men Product 0345,Fashion,Men,Aster,2195.39,3683.11
346,UrbanX Accessories Product 0346,Electronics,Accessories,UrbanX,12521.28,30837.39
347,Mira Laptops Product 0347,Electronics,Laptops,Mira,31527.39,77105.03
348,Nexa Haircare Product 0348,Beauty,Haircare,Nexa,5049.26,8685.01
349,Nexa Bags Product 0349,Fashion,Bags,Nexa,5476.49,10671.83
350,Aster Women Product 0350,Fashion,Women,Aster,5527.47,10971.84
351,Vertex Kitchen Product 0351,Home,Kitchen,Vertex,6271.19,12319.97
352,Pulse Sportswear Product 0352,Sports,Sportswear,Pulse,7555.14,13751.42
353,Pulse Fitness Product 0353,Sports,Fitness,Pulse,4674.33,8622.53
354,Orion Makeup Product 0354,Beauty,Makeup,Orion,447.65,749.74
355,Pulse Skincare Product 0355,Beauty,Skincare,Pulse,2206.65,3963.29
356,Aster Men Product 0356,Fashion,Men,Aster,8408.61,15626.46
357,UrbanX Audio Product 0357,Electronics,Audio,UrbanX,38101.5,85157.66
358,Pulse Personal Care Product 0358,Beauty,Personal Care,Pulse,3066.16,7275.47
359,Mira Decor Product 0359,Home,Decor,Mira,3432.22,6235.3
360,Orion Skincare Product 0360,Beauty,Skincare,Orion,1505.14,2248.83
361,Pulse Laptops Product 0361,Electronics,Laptops,Pulse,24924.07,48208.65
362,Pulse Kitchen Product 0362,Home,Kitchen,Pulse,12209.77,31059.56
363,UrbanX Haircare Product 0363,Beauty,Haircare,UrbanX,1502.3,3733.16
364,Orion Running Product 0364,Sports,Running,Orion,631.28,1545.17
365,Orion Audio Product 0365,Electronics,Audio,Orion,27575.88,67295.29
366,UrbanX Skincare Product 0366,Beauty,Skincare,UrbanX,737.86,1707.52
367,Nexa Decor Product 0367,Home,Decor,Nexa,4791.46,9788.47
368,Orion Sportswear Product 0368,Sports,Sportswear,Orion,1814.83,4209.05
369,Vertex Sportswear Product 0369,Sports,Sportswear,Vertex,7477.25,11994.62
370,UrbanX Audio Product 0370,Electronics,Audio,UrbanX,40177.34,72922.62
371,Pulse Bags Product 0371,Fashion,Bags,Pulse,666.74,1264.31
372,Orion Men Product 0372,Fashion,Men,Orion,8409.79,13920.61
373,UrbanX Fitness Product 0373,Sports,Fitness,UrbanX,9985.72,17997.2
374,UrbanX Men Product 0374,Fashion,Men,UrbanX,4743.21,12462.49
375,Vertex Furniture Product 0375,Home,Furniture,Vertex,3459.21,5470.98
376,Pulse Storage Product 0376,Home,Storage,Pulse,2062.93,4379.71
377,Aster Sportswear Product 0377,Sports,Sportswear,Aster,6893.03,15601.13
378,Nova Fitness Product 0378,Sports,Fitness,Nova,7012.94,12974.84
379,UrbanX Makeup Product 0379,Beauty,Makeup,UrbanX,2069.35,4829.93
380,Aster Sportswear Product 0380,Sports,Sportswear,Aster,3850.3,9879.21
381,Aster Footwear Product 0381,Fashion,Footwear,Aster,3770.81,7014.58
382,Orion Laptops Product 0382,Electronics,Laptops,Orion,21330.71,47217.48
383,Zenith Laptops Product 0383,Electronics,Laptops,Zenith,19323.41,37348.64
384,Nova Laptops Product 0384,Electronics,Laptops,Nova,28446.48,50197.74
385,Orion Fitness Product 0385,Sports,Fitness,Orion,3989.82,9240.33
386,Mira Women Product 0386,Fashion,Women,Mira,5128.19,8702.73
387,Pulse Laptops Product 0387,Electronics,Laptops,Pulse,40610.27,74915.56
388,Nova Storage Product 0388,Home,Storage,Nova,987.9,1796.24
389,Vertex Furniture Product 0389,Home,Furniture,Vertex,4248.7,11963.88
390,Orion Accessories Product 0390,Electronics,Accessories,Orion,14864.46,31324.52
391,UrbanX Bags Product 0391,Fashion,Bags,UrbanX,2448.03,5461.63
392,Prime Sportswear Product 0392,Sports,Sportswear,Prime,7892.49,15673.42
393,Nova Footwear Product 0393,Fashion,Footwear,Nova,4186.22,6667.39
394,Orion Women Product 0394,Fashion,Women,Orion,2811.07,5439.58
395,Mira Accessories Product 0395,Electronics,Accessories,Mira,21748.64,46929.27
396,Vertex Storage Product 0396,Home,Storage,Vertex,12896.6,27918.45
397,Mira Running Product 0397,Sports,Running,Mira,5991.32,10928.94
398,Nova Storage Product 0398,Home,Storage,Nova,6994.94,15978.2
399,Prime Footwear Product 0399,Fashion,Footwear,Prime,1653.4,2853.19
400,Zenith Fitness Product 0400,Sports,Fitness,Zenith,7920.02,15268.16
401,Vertex Furniture Product 0401,Home,Furniture,Vertex,7578.68,17589.46
402,Pulse Accessories Product 0402,Electronics,Accessories,Pulse,37697.59,94538.19
403,Zenith Furniture Product 0403,Home,Furniture,Zenith,2706.63,6349.7
404,Aster Skincare Product 0404,Beauty,Skincare,Aster,247.12,441.4
405,Vertex Phones Product 0405,Electronics,Phones,Vertex,14644.11,36578.89
406,Nova Women Product 0406,Fashion,Women,Nova,3247.7,5945.57
407,Zenith Storage Product 0407,Home,Storage,Zenith,11429.44,28020.68
408,Aster Furniture Product 0408,Home,Furniture,Aster,11299.88,21934.92
409,Nexa Makeup Product 0409,Beauty,Makeup,Nexa,414.78,677.9
410,Zenith Accessories Product 0410,Electronics,Accessories,Zenith,33450.78,56293.88
411,UrbanX Audio Product 0411,Electronics,Audio,UrbanX,8079.22,18520.4
412,Mira Fitness Product 0412,Sports,Fitness,Mira,4434.6,8995.26
413,Pulse Running Product 0413,Sports,Running,Pulse,12122.17,21063.32
414,Vertex Makeup Product 0414,Beauty,Makeup,Vertex,685.86,1224.44
415,Nexa Kitchen Product 0415,Home,Kitchen,Nexa,14211.3,32517.22
416,Aster Bags Product 0416,Fashion,Bags,Aster,1820.41,4087.38
417,Nova Skincare Product 0417,Beauty,Skincare,Nova,3118.23,7493.55
418,Nova Outdoor Product 0418,Sports,Outdoor,Nova,2412.09,5662.67
419,Zenith Bags Product 0419,Fashion,Bags,Zenith,2063.52,3343.7
420,UrbanX Kitchen Product 0420,Home,Kitchen,UrbanX,8229.43,18990.6
421,Orion Men Product 0421,Fashion,Men,Orion,1043.53,2539.09
422,Nexa Men Product 0422,Fashion,Men,Nexa,5849.53,12133.75
423,UrbanX Fitness Product 0423,Sports,Fitness,UrbanX,6484.65,17017.18
424,Aster Fitness Product 0424,Sports,Fitness,Aster,2796.49,7087.97
425,Mira Storage Product 0425,Home,Storage,Mira,9770.09,19172.88
426,Prime Personal Care Product 0426,Beauty,Personal Care,Prime,1899.71,4691.32
427,UrbanX Phones Product 0427,Electronics,Phones,UrbanX,38270.04,70616.14
428,Nexa Outdoor Product 0428,Sports,Outdoor,Nexa,11356.66,17905.43
429,Zenith Laptops Product 0429,Electronics,Laptops,Zenith,29467.37,51357.09
430,Nova Skincare Product 0430,Beauty,Skincare,Nova,1940.6,3671.29
431,Orion Phones Product 0431,Electronics,Phones,Orion,41378.18,72285.44
432,Zenith Haircare Product 0432,Beauty,Haircare,Zenith,525.19,1403.65
433,Zenith Fitness Product 0433,Sports,Fitness,Zenith,3630.0,5162.94
434,Prime Accessories Product 0434,Electronics,Accessories,Prime,42891.07,69771.6
435,Nexa Makeup Product 0435,Beauty,Makeup,Nexa,3151.5,7931.36
436,Orion Bags Product 0436,Fashion,Bags,Orion,5542.99,12946.06
437,Vertex Women Product 0437,Fashion,Women,Vertex,3748.0,5623.38
438,Nova Storage Product 0438,Home,Storage,Nova,12343.62,24944.86
439,UrbanX Outdoor Product 0439,Sports,Outdoor,UrbanX,6406.9,16238.97
440,Orion Storage Product 0440,Home,Storage,Orion,15044.79,26064.65
441,Pulse Fitness Product 0441,Sports,Fitness,Pulse,5280.88,9564.29
442,Aster Storage Product 0442,Home,Storage,Aster,9763.96,14071.99
443,Prime Women Product 0443,Fashion,Women,Prime,2770.4,4971.27
444,Vertex Running Product 0444,Sports,Running,Vertex,1487.91,3240.29
445,UrbanX Fitness Product 0445,Sports,Fitness,UrbanX,4478.44,11220.34
446,Pulse Men Product 0446,Fashion,Men,Pulse,2139.14,3608.53
447,Zenith Outdoor Product 0447,Sports,Outdoor,Zenith,6632.16,14594.41
448,Nexa Fitness Product 0448,Sports,Fitness,Nexa,6551.97,15315.33
449,Pulse Storage Product 0449,Home,Storage,Pulse,5995.07,12328.99
450,Pulse Phones Product 0450,Electronics,Phones,Pulse,43680.33,74299.68
451,Nova Bags Product 0451,Fashion,Bags,Nova,4231.52,11148.01
452,Zenith Bags Product 0452,Fashion,Bags,Zenith,6690.56,14777.85
453,Nova Kitchen Product 0453,Home,Kitchen,Nova,15938.59,26447.21
454,Nexa Laptops Product 0454,Electronics,Laptops,Nexa,26443.36,73179.95
455,Nova Phones Product 0455,Electronics,Phones,Nova,4925.75,8849.06
456,UrbanX Bags Product 0456,Fashion,Bags,UrbanX,3197.3,8796.48
457,Prime Fitness Product 0457,Sports,Fitness,Prime,1603.94,3456.05
458,Prime Footwear Product 0458,Fashion,Footwear,Prime,5273.54,8018.49
459,Orion Furniture Product 0459,Home,Furniture,Orion,14352.81,35018.61
460,Nexa Men Product 0460,Fashion,Men,Nexa,1504.17,2825.94
461,Mira Fitness Product 0461,Sports,Fitness,Mira,10118.79,18303.54
462,Orion Furniture Product 0462,Home,Furniture,Orion,10448.29,26718.95
463,Nexa Accessories Product 0463,Electronics,Accessories,Nexa,4980.16,13167.36
464,Pulse Makeup Product 0464,Beauty,Makeup,Pulse,1162.66,2325.02
465,Zenith Storage Product 0465,Home,Storage,Zenith,7408.84,12336.69
466,Pulse Outdoor Product 0466,Sports,Outdoor,Pulse,5873.69,10824.51
467,Pulse Makeup Product 0467,Beauty,Makeup,Pulse,2440.06,5361.84
468,Orion Skincare Product 0468,Beauty,Skincare,Orion,738.44,1837.0
469,Aster Phones Product 0469,Electronics,Phones,Aster,45798.81,74933.91
470,Nexa Audio Product 0470,Electronics,Audio,Nexa,40041.96,79905.14
471,Orion Outdoor Product 0471,Sports,Outdoor,Orion,7549.21,14218.95
472,Nexa Furniture Product 0472,Home,Furniture,Nexa,10142.8,18070.37
473,Vertex Men Product 0473,Fashion,Men,Vertex,743.37,1787.07
474,UrbanX Outdoor Product 0474,Sports,Outdoor,UrbanX,5347.88,14905.38
475,Prime Footwear Product 0475,Fashion,Footwear,Prime,1817.55,4047.01
476,UrbanX Audio Product 0476,Electronics,Audio,UrbanX,17890.69,35856.91
477,Nexa Fitness Product 0477,Sports,Fitness,Nexa,1828.8,3432.22
478,Orion Furniture Product 0478,Home,Furniture,Orion,11618.07,23242.19
479,Zenith Accessories Product 0479,Electronics,Accessories,Zenith,29041.88,67588.31
480,Orion Running Product 0480,Sports,Running,Orion,2479.5,5989.16
481,Prime Decor Product 0481,Home,Decor,Prime,15706.23,23852.72
482,Zenith Sportswear Product 0482,Sports,Sportswear,Zenith,3563.08,6708.8
483,Orion Storage Product 0483,Home,Storage,Orion,7970.46,17903.04
484,Vertex Phones Product 0484,Electronics,Phones,Vertex,48376.61,85368.35
485,Prime Decor Product 0485,Home,Decor,Prime,850.29,2219.87
486,UrbanX Fitness Product 0486,Sports,Fitness,UrbanX,10335.93,23782.39
487,Pulse Personal Care Product 0487,Beauty,Personal Care,Pulse,2870.33,5596.86
488,Mira Kitchen Product 0488,Home,Kitchen,Mira,14810.52,36908.76
489,Nexa Phones Product 0489,Electronics,Phones,Nexa,997.56,1884.8
490,Mira Makeup Product 0490,Beauty,Makeup,Mira,2425.77,3794.17
491,Nexa Decor Product 0491,Home,Decor,Nexa,8580.71,18624.81
492,Orion Bags Product 0492,Fashion,Bags,Orion,1999.07,5007.22
493,Orion Men Product 0493,Fashion,Men,Orion,338.73,579.07
494,Nova Sportswear Product 0494,Sports,Sportswear,Nova,1975.32,3956.66
495,Prime Makeup Product 0495,Beauty,Makeup,Prime,3196.4,6102.26
496,Vertex Outdoor Product 0496,Sports,Outdoor,Vertex,11477.23,21483.76
497,Vertex Audio Product 0497,Electronics,Audio,Vertex,465.32,978.07
498,Nexa Running Product 0498,Sports,Running,Nexa,2123.79,4379.12
499,Pulse Outdoor Product 0499,Sports,Outdoor,Pulse,11226.01,18827.29
500,UrbanX Women Product 0500,Fashion,Women,UrbanX,5141.61,12743.37
